departamento,date,cases,deaths
Boaco,2020-03-22,0,0
Boaco,2020-03-23,1,0
Boaco,2020-03-24,1,0
Boaco,2020-03-25,1,0
Boaco,2020-03-26,1,0
Boaco,2020-03-27,1,0
Boaco,2020-03-28,1,0
Boaco,2020-03-29,1,0
Boaco,2020-03-30,1,0
Boaco,2020-03-31,1,0
Boaco,2020-04-01,1,0
Boaco,2020-04-02,1,0
Boaco,2020-04-03,1,0
Boaco,2020-04-04,1,0
Boaco,2020-04-05,1,0
Boaco,2020-04-06,1,0
Boaco,2020-04-07,1,0
Boaco,2020-04-08,2,0
Boaco,2020-04-09,2,0
Boaco,2020-04-10,2,0
Boaco,2020-04-11,2,0
Boaco,2020-04-12,2,0
Boaco,2020-04-13,3,0
Boaco,2020-04-14,3,0
Boaco,2020-04-15,3,0
Boaco,2020-04-16,3,0
Boaco,2020-04-17,3,0
Boaco,2020-04-18,3,0
Boaco,2020-04-19,3,0
Boaco,2020-04-20,3,0
Boaco,2020-04-21,4,0
Boaco,2020-04-22,4,0
Boaco,2020-04-23,4,0
Boaco,2020-04-24,4,0
Boaco,2020-04-25,4,0
Boaco,2020-04-26,4,0
Boaco,2020-04-27,7,0
Boaco,2020-04-28,7,0
Boaco,2020-04-29,7,0
Boaco,2020-04-30,7,0
Boaco,2020-05-01,7,0
Boaco,2020-05-02,8,0
Boaco,2020-05-03,10,0
Boaco,2020-05-04,10,0
Boaco,2020-05-05,10,0
Boaco,2020-05-06,10,0
Boaco,2020-05-07,10,0
Boaco,2020-05-08,10,0
Boaco,2020-05-09,10,0
Boaco,2020-05-10,10,0
Boaco,2020-05-11,11,1
Boaco,2020-05-12,11,1
Boaco,2020-05-13,13,1
Boaco,2020-05-14,13,1
Boaco,2020-05-15,13,1
Boaco,2020-05-16,13,1
Boaco,2020-05-17,13,1
Boaco,2020-05-18,13,1
Boaco,2020-05-19,15,2
Boaco,2020-05-20,15,2
Boaco,2020-05-21,16,2
Boaco,2020-05-22,16,2
Boaco,2020-05-23,16,2
Boaco,2020-05-24,16,2
Boaco,2020-05-25,16,2
Boaco,2020-05-26,16,2
Boaco,2020-05-27,17,3
Boaco,2020-05-28,18,4
Boaco,2020-05-29,20,6
Boaco,2020-05-30,23,6
Boaco,2020-05-31,23,6
Boaco,2020-06-01,23,6
Boaco,2020-06-02,36,6
Boaco,2020-06-03,36,6
Boaco,2020-06-04,39,9
Boaco,2020-06-05,40,10
Boaco,2020-06-06,50,18
Boaco,2020-06-07,50,18
Boaco,2020-06-08,54,21
Boaco,2020-06-09,54,21
Boaco,2020-06-10,54,21
Boaco,2020-06-11,56,23
Boaco,2020-06-12,59,24
Boaco,2020-06-13,63,25
Boaco,2020-06-14,65,26
Boaco,2020-06-15,78,27
Boaco,2020-06-16,94,33
Boaco,2020-06-17,94,33
Boaco,2020-06-18,94,33
Boaco,2020-06-19,108,34
Boaco,2020-06-20,108,35
Boaco,2020-06-21,115,36
Boaco,2020-06-22,118,36
Boaco,2020-06-23,119,36
Boaco,2020-06-24,121,36
Boaco,2020-06-25,121,36
Boaco,2020-06-26,122,36
Boaco,2020-06-27,124,37
Boaco,2020-06-28,124,37
Boaco,2020-06-29,127,38
Boaco,2020-06-30,146,40
Boaco,2020-07-01,147,40
Boaco,2020-07-02,163,41
Boaco,2020-07-03,163,41
Boaco,2020-07-04,163,41
Boaco,2020-07-05,163,41
Boaco,2020-07-06,165,43
Boaco,2020-07-07,165,43
Boaco,2020-07-08,165,43
Boaco,2020-07-09,165,43
Boaco,2020-07-10,165,44
Boaco,2020-07-11,166,45
Boaco,2020-07-12,166,45
Boaco,2020-07-13,170,45
Boaco,2020-07-14,170,45
Boaco,2020-07-15,186,47
Boaco,2020-07-16,190,48
Boaco,2020-07-17,190,48
Boaco,2020-07-18,190,48
Boaco,2020-07-19,190,48
Boaco,2020-07-20,190,48
Boaco,2020-07-21,190,48
Boaco,2020-07-22,191,48
Boaco,2020-07-23,191,48
Boaco,2020-07-24,191,48
Boaco,2020-07-25,194,49
Boaco,2020-07-26,194,49
Boaco,2020-07-27,194,49
Boaco,2020-07-28,194,49
Boaco,2020-07-29,194,49
Boaco,2020-07-30,194,49
Boaco,2020-07-31,194,49
Boaco,2020-08-01,194,49
Boaco,2020-08-02,194,49
Boaco,2020-08-03,194,49
Boaco,2020-08-04,194,49
Boaco,2020-08-05,194,49
Boaco,2020-08-06,194,49
Boaco,2020-08-07,194,49
Boaco,2020-08-08,194,49
Boaco,2020-08-09,194,49
Boaco,2020-08-10,194,49
Boaco,2020-08-11,194,49
Boaco,2020-08-12,194,49
Boaco,2020-08-13,194,49
Boaco,2020-08-14,194,49
Boaco,2020-08-15,194,49
Boaco,2020-08-16,194,49
Boaco,2020-08-17,194,49
Boaco,2020-08-18,194,49
Boaco,2020-08-19,194,49
Boaco,2020-08-20,194,49
Boaco,2020-08-21,201,56
Boaco,2020-08-22,201,56
Boaco,2020-08-23,201,56
Boaco,2020-08-24,201,56
Boaco,2020-08-25,201,56
Boaco,2020-08-26,201,56
Carazo,2020-03-22,1,1
Carazo,2020-03-23,1,1
Carazo,2020-03-24,1,1
Carazo,2020-03-25,1,1
Carazo,2020-03-26,1,1
Carazo,2020-03-27,1,1
Carazo,2020-03-28,1,1
Carazo,2020-03-29,1,1
Carazo,2020-03-30,1,1
Carazo,2020-03-31,1,1
Carazo,2020-04-01,1,1
Carazo,2020-04-02,1,1
Carazo,2020-04-03,1,1
Carazo,2020-04-04,1,1
Carazo,2020-04-05,1,1
Carazo,2020-04-06,1,1
Carazo,2020-04-07,1,1
Carazo,2020-04-08,1,1
Carazo,2020-04-09,1,1
Carazo,2020-04-10,1,1
Carazo,2020-04-11,1,1
Carazo,2020-04-12,1,1
Carazo,2020-04-13,1,1
Carazo,2020-04-14,1,1
Carazo,2020-04-15,1,1
Carazo,2020-04-16,1,1
Carazo,2020-04-17,1,1
Carazo,2020-04-18,1,1
Carazo,2020-04-19,1,1
Carazo,2020-04-20,1,1
Carazo,2020-04-21,1,1
Carazo,2020-04-22,1,1
Carazo,2020-04-23,1,1
Carazo,2020-04-24,1,1
Carazo,2020-04-25,1,1
Carazo,2020-04-26,1,1
Carazo,2020-04-27,2,2
Carazo,2020-04-28,3,2
Carazo,2020-04-29,8,2
Carazo,2020-04-30,8,2
Carazo,2020-05-01,8,2
Carazo,2020-05-02,8,2
Carazo,2020-05-03,8,2
Carazo,2020-05-04,8,2
Carazo,2020-05-05,10,3
Carazo,2020-05-06,10,3
Carazo,2020-05-07,12,3
Carazo,2020-05-08,15,3
Carazo,2020-05-09,15,3
Carazo,2020-05-10,16,3
Carazo,2020-05-11,17,3
Carazo,2020-05-12,17,3
Carazo,2020-05-13,17,3
Carazo,2020-05-14,18,3
Carazo,2020-05-15,19,4
Carazo,2020-05-16,23,7
Carazo,2020-05-17,23,7
Carazo,2020-05-18,23,7
Carazo,2020-05-19,23,7
Carazo,2020-05-20,27,8
Carazo,2020-05-21,27,8
Carazo,2020-05-22,28,8
Carazo,2020-05-23,32,10
Carazo,2020-05-24,33,11
Carazo,2020-05-25,38,15
Carazo,2020-05-26,69,20
Carazo,2020-05-27,71,22
Carazo,2020-05-28,74,25
Carazo,2020-05-29,76,25
Carazo,2020-05-30,77,26
Carazo,2020-05-31,77,26
Carazo,2020-06-01,82,28
Carazo,2020-06-02,83,29
Carazo,2020-06-03,85,29
Carazo,2020-06-04,89,32
Carazo,2020-06-05,92,34
Carazo,2020-06-06,93,35
Carazo,2020-06-07,96,36
Carazo,2020-06-08,99,38
Carazo,2020-06-09,102,40
Carazo,2020-06-10,102,41
Carazo,2020-06-11,116,41
Carazo,2020-06-12,131,43
Carazo,2020-06-13,155,46
Carazo,2020-06-14,155,46
Carazo,2020-06-15,156,47
Carazo,2020-06-16,159,48
Carazo,2020-06-17,159,48
Carazo,2020-06-18,159,48
Carazo,2020-06-19,159,48
Carazo,2020-06-20,160,48
Carazo,2020-06-21,161,48
Carazo,2020-06-22,167,48
Carazo,2020-06-23,169,48
Carazo,2020-06-24,173,51
Carazo,2020-06-25,179,52
Carazo,2020-06-26,188,52
Carazo,2020-06-27,194,52
Carazo,2020-06-28,202,53
Carazo,2020-06-29,207,55
Carazo,2020-06-30,208,55
Carazo,2020-07-01,209,55
Carazo,2020-07-02,212,56
Carazo,2020-07-03,213,56
Carazo,2020-07-04,216,56
Carazo,2020-07-05,218,56
Carazo,2020-07-06,222,57
Carazo,2020-07-07,224,57
Carazo,2020-07-08,224,57
Carazo,2020-07-09,224,57
Carazo,2020-07-10,224,57
Carazo,2020-07-11,224,57
Carazo,2020-07-12,224,57
Carazo,2020-07-13,226,57
Carazo,2020-07-14,226,57
Carazo,2020-07-15,230,58
Carazo,2020-07-16,235,58
Carazo,2020-07-17,235,58
Carazo,2020-07-18,237,58
Carazo,2020-07-19,237,58
Carazo,2020-07-20,241,58
Carazo,2020-07-21,244,59
Carazo,2020-07-22,246,60
Carazo,2020-07-23,246,60
Carazo,2020-07-24,247,60
Carazo,2020-07-25,248,60
Carazo,2020-07-26,248,60
Carazo,2020-07-27,248,60
Carazo,2020-07-28,249,60
Carazo,2020-07-29,250,61
Carazo,2020-07-30,250,61
Carazo,2020-07-31,250,61
Carazo,2020-08-01,250,61
Carazo,2020-08-02,251,61
Carazo,2020-08-03,251,61
Carazo,2020-08-04,251,61
Carazo,2020-08-05,251,61
Carazo,2020-08-06,251,61
Carazo,2020-08-07,252,61
Carazo,2020-08-08,252,61
Carazo,2020-08-09,252,61
Carazo,2020-08-10,253,61
Carazo,2020-08-11,253,61
Carazo,2020-08-12,253,61
Carazo,2020-08-13,254,61
Carazo,2020-08-14,255,61
Carazo,2020-08-15,255,61
Carazo,2020-08-16,255,61
Carazo,2020-08-17,255,61
Carazo,2020-08-18,255,61
Carazo,2020-08-19,255,61
Carazo,2020-08-20,255,61
Carazo,2020-08-21,255,62
Carazo,2020-08-22,255,62
Carazo,2020-08-23,255,62
Carazo,2020-08-24,255,62
Carazo,2020-08-25,255,62
Carazo,2020-08-26,255,62
Chinandega,2020-03-22,1,0
Chinandega,2020-03-23,1,0
Chinandega,2020-03-24,1,0
Chinandega,2020-03-25,1,0
Chinandega,2020-03-26,1,0
Chinandega,2020-03-27,3,0
Chinandega,2020-03-28,4,0
Chinandega,2020-03-29,7,0
Chinandega,2020-03-30,7,0
Chinandega,2020-03-31,8,0
Chinandega,2020-04-01,8,0
Chinandega,2020-04-02,9,1
Chinandega,2020-04-03,10,2
Chinandega,2020-04-04,11,2
Chinandega,2020-04-05,11,2
Chinandega,2020-04-06,13,3
Chinandega,2020-04-07,13,3
Chinandega,2020-04-08,13,3
Chinandega,2020-04-09,13,3
Chinandega,2020-04-10,13,3
Chinandega,2020-04-11,13,3
Chinandega,2020-04-12,13,3
Chinandega,2020-04-13,14,3
Chinandega,2020-04-14,14,3
Chinandega,2020-04-15,14,3
Chinandega,2020-04-16,14,3
Chinandega,2020-04-17,14,3
Chinandega,2020-04-18,14,3
Chinandega,2020-04-19,15,3
Chinandega,2020-04-20,16,3
Chinandega,2020-04-21,17,4
Chinandega,2020-04-22,17,4
Chinandega,2020-04-23,17,4
Chinandega,2020-04-24,18,4
Chinandega,2020-04-25,18,4
Chinandega,2020-04-26,18,4
Chinandega,2020-04-27,22,4
Chinandega,2020-04-28,22,4
Chinandega,2020-04-29,24,4
Chinandega,2020-04-30,26,5
Chinandega,2020-05-01,28,6
Chinandega,2020-05-02,32,9
Chinandega,2020-05-03,39,12
Chinandega,2020-05-04,48,14
Chinandega,2020-05-05,59,16
Chinandega,2020-05-06,61,17
Chinandega,2020-05-07,67,18
Chinandega,2020-05-08,72,20
Chinandega,2020-05-09,75,22
Chinandega,2020-05-10,79,25
Chinandega,2020-05-11,85,30
Chinandega,2020-05-12,94,36
Chinandega,2020-05-13,105,39
Chinandega,2020-05-14,107,40
Chinandega,2020-05-15,110,41
Chinandega,2020-05-16,120,48
Chinandega,2020-05-17,131,51
Chinandega,2020-05-18,136,53
Chinandega,2020-05-19,140,56
Chinandega,2020-05-20,142,57
Chinandega,2020-05-21,150,62
Chinandega,2020-05-22,161,62
Chinandega,2020-05-23,163,63
Chinandega,2020-05-24,166,65
Chinandega,2020-05-25,176,68
Chinandega,2020-05-26,182,68
Chinandega,2020-05-27,184,70
Chinandega,2020-05-28,188,72
Chinandega,2020-05-29,199,75
Chinandega,2020-05-30,202,76
Chinandega,2020-05-31,206,76
Chinandega,2020-06-01,210,78
Chinandega,2020-06-02,226,85
Chinandega,2020-06-03,231,87
Chinandega,2020-06-04,236,88
Chinandega,2020-06-05,238,89
Chinandega,2020-06-06,240,90
Chinandega,2020-06-07,244,93
Chinandega,2020-06-08,246,93
Chinandega,2020-06-09,250,96
Chinandega,2020-06-10,252,98
Chinandega,2020-06-11,252,98
Chinandega,2020-06-12,252,98
Chinandega,2020-06-13,252,98
Chinandega,2020-06-14,252,98
Chinandega,2020-06-15,256,100
Chinandega,2020-06-16,265,106
Chinandega,2020-06-17,268,108
Chinandega,2020-06-18,270,109
Chinandega,2020-06-19,271,110
Chinandega,2020-06-20,271,110
Chinandega,2020-06-21,271,110
Chinandega,2020-06-22,277,110
Chinandega,2020-06-23,278,110
Chinandega,2020-06-24,279,111
Chinandega,2020-06-25,282,114
Chinandega,2020-06-26,282,114
Chinandega,2020-06-27,282,114
Chinandega,2020-06-28,283,115
Chinandega,2020-06-29,285,115
Chinandega,2020-06-30,285,115
Chinandega,2020-07-01,285,115
Chinandega,2020-07-02,286,115
Chinandega,2020-07-03,286,115
Chinandega,2020-07-04,286,115
Chinandega,2020-07-05,286,115
Chinandega,2020-07-06,294,122
Chinandega,2020-07-07,296,124
Chinandega,2020-07-08,296,124
Chinandega,2020-07-09,296,124
Chinandega,2020-07-10,298,126
Chinandega,2020-07-11,299,126
Chinandega,2020-07-12,299,126
Chinandega,2020-07-13,300,126
Chinandega,2020-07-14,302,126
Chinandega,2020-07-15,302,126
Chinandega,2020-07-16,304,126
Chinandega,2020-07-17,306,127
Chinandega,2020-07-18,306,127
Chinandega,2020-07-19,308,129
Chinandega,2020-07-20,310,130
Chinandega,2020-07-21,315,130
Chinandega,2020-07-22,321,131
Chinandega,2020-07-23,322,131
Chinandega,2020-07-24,323,131
Chinandega,2020-07-25,323,131
Chinandega,2020-07-26,323,131
Chinandega,2020-07-27,323,131
Chinandega,2020-07-28,323,131
Chinandega,2020-07-29,323,131
Chinandega,2020-07-30,323,131
Chinandega,2020-07-31,323,131
Chinandega,2020-08-01,323,131
Chinandega,2020-08-02,323,131
Chinandega,2020-08-03,323,131
Chinandega,2020-08-04,323,131
Chinandega,2020-08-05,324,133
Chinandega,2020-08-06,324,133
Chinandega,2020-08-07,324,133
Chinandega,2020-08-08,324,133
Chinandega,2020-08-09,324,133
Chinandega,2020-08-10,325,133
Chinandega,2020-08-11,325,133
Chinandega,2020-08-12,325,133
Chinandega,2020-08-13,329,135
Chinandega,2020-08-14,329,135
Chinandega,2020-08-15,329,135
Chinandega,2020-08-16,336,135
Chinandega,2020-08-17,337,135
Chinandega,2020-08-18,339,135
Chinandega,2020-08-19,341,135
Chinandega,2020-08-20,341,135
Chinandega,2020-08-21,341,135
Chinandega,2020-08-22,341,135
Chinandega,2020-08-23,341,135
Chinandega,2020-08-24,341,135
Chinandega,2020-08-25,341,137
Chinandega,2020-08-26,341,137
Chontales,2020-03-22,0,0
Chontales,2020-03-23,0,0
Chontales,2020-03-24,0,0
Chontales,2020-03-25,3,0
Chontales,2020-03-26,3,0
Chontales,2020-03-27,3,0
Chontales,2020-03-28,3,0
Chontales,2020-03-29,3,0
Chontales,2020-03-30,3,0
Chontales,2020-03-31,5,0
Chontales,2020-04-01,5,0
Chontales,2020-04-02,5,0
Chontales,2020-04-03,5,0
Chontales,2020-04-04,5,0
Chontales,2020-04-05,5,0
Chontales,2020-04-06,6,0
Chontales,2020-04-07,6,0
Chontales,2020-04-08,6,0
Chontales,2020-04-09,6,0
Chontales,2020-04-10,6,0
Chontales,2020-04-11,8,0
Chontales,2020-04-12,8,0
Chontales,2020-04-13,8,0
Chontales,2020-04-14,8,0
Chontales,2020-04-15,8,0
Chontales,2020-04-16,8,0
Chontales,2020-04-17,8,0
Chontales,2020-04-18,26,0
Chontales,2020-04-19,26,0
Chontales,2020-04-20,27,1
Chontales,2020-04-21,27,1
Chontales,2020-04-22,27,1
Chontales,2020-04-23,27,1
Chontales,2020-04-24,27,1
Chontales,2020-04-25,27,1
Chontales,2020-04-26,27,1
Chontales,2020-04-27,27,1
Chontales,2020-04-28,27,1
Chontales,2020-04-29,27,1
Chontales,2020-04-30,27,1
Chontales,2020-05-01,27,1
Chontales,2020-05-02,27,1
Chontales,2020-05-03,27,1
Chontales,2020-05-04,27,1
Chontales,2020-05-05,27,1
Chontales,2020-05-06,27,1
Chontales,2020-05-07,31,2
Chontales,2020-05-08,33,2
Chontales,2020-05-09,34,2
Chontales,2020-05-10,34,2
Chontales,2020-05-11,34,2
Chontales,2020-05-12,34,2
Chontales,2020-05-13,34,2
Chontales,2020-05-14,34,2
Chontales,2020-05-15,35,3
Chontales,2020-05-16,35,3
Chontales,2020-05-17,44,3
Chontales,2020-05-18,44,3
Chontales,2020-05-19,47,3
Chontales,2020-05-20,47,3
Chontales,2020-05-21,47,3
Chontales,2020-05-22,47,3
Chontales,2020-05-23,49,4
Chontales,2020-05-24,49,4
Chontales,2020-05-25,53,5
Chontales,2020-05-26,54,5
Chontales,2020-05-27,55,6
Chontales,2020-05-28,58,7
Chontales,2020-05-29,60,7
Chontales,2020-05-30,60,7
Chontales,2020-05-31,60,7
Chontales,2020-06-01,61,7
Chontales,2020-06-02,63,9
Chontales,2020-06-03,63,9
Chontales,2020-06-04,65,11
Chontales,2020-06-05,65,12
Chontales,2020-06-06,66,13
Chontales,2020-06-07,67,14
Chontales,2020-06-08,69,16
Chontales,2020-06-09,70,17
Chontales,2020-06-10,70,17
Chontales,2020-06-11,70,17
Chontales,2020-06-12,73,18
Chontales,2020-06-13,75,19
Chontales,2020-06-14,77,21
Chontales,2020-06-15,78,22
Chontales,2020-06-16,83,25
Chontales,2020-06-17,84,25
Chontales,2020-06-18,88,26
Chontales,2020-06-19,103,30
Chontales,2020-06-20,108,35
Chontales,2020-06-21,110,36
Chontales,2020-06-22,111,38
Chontales,2020-06-23,112,39
Chontales,2020-06-24,112,39
Chontales,2020-06-25,112,39
Chontales,2020-06-26,114,40
Chontales,2020-06-27,115,41
Chontales,2020-06-28,117,43
Chontales,2020-06-29,118,44
Chontales,2020-06-30,122,46
Chontales,2020-07-01,125,48
Chontales,2020-07-02,130,51
Chontales,2020-07-03,130,51
Chontales,2020-07-04,130,51
Chontales,2020-07-05,132,53
Chontales,2020-07-06,133,54
Chontales,2020-07-07,133,54
Chontales,2020-07-08,134,55
Chontales,2020-07-09,134,55
Chontales,2020-07-10,147,69
Chontales,2020-07-11,148,70
Chontales,2020-07-12,149,71
Chontales,2020-07-13,149,71
Chontales,2020-07-14,151,72
Chontales,2020-07-15,152,73
Chontales,2020-07-16,153,74
Chontales,2020-07-17,154,75
Chontales,2020-07-18,156,77
Chontales,2020-07-19,156,77
Chontales,2020-07-20,156,77
Chontales,2020-07-21,166,87
Chontales,2020-07-22,167,87
Chontales,2020-07-23,167,87
Chontales,2020-07-24,167,87
Chontales,2020-07-25,167,87
Chontales,2020-07-26,168,87
Chontales,2020-07-27,170,89
Chontales,2020-07-28,172,90
Chontales,2020-07-29,172,90
Chontales,2020-07-30,174,92
Chontales,2020-07-31,175,93
Chontales,2020-08-01,176,94
Chontales,2020-08-02,181,95
Chontales,2020-08-03,182,96
Chontales,2020-08-04,184,98
Chontales,2020-08-05,185,99
Chontales,2020-08-06,185,99
Chontales,2020-08-07,185,99
Chontales,2020-08-08,185,99
Chontales,2020-08-09,186,100
Chontales,2020-08-10,186,100
Chontales,2020-08-11,186,100
Chontales,2020-08-12,186,100
Chontales,2020-08-13,186,100
Chontales,2020-08-14,186,100
Chontales,2020-08-15,187,101
Chontales,2020-08-16,187,101
Chontales,2020-08-17,187,101
Chontales,2020-08-18,189,101
Chontales,2020-08-19,189,101
Chontales,2020-08-20,189,101
Chontales,2020-08-21,189,101
Chontales,2020-08-22,189,101
Chontales,2020-08-23,189,101
Chontales,2020-08-24,189,101
Chontales,2020-08-25,189,101
Chontales,2020-08-26,189,101
Estelí,2020-03-22,12,0
Estelí,2020-03-23,12,0
Estelí,2020-03-24,13,0
Estelí,2020-03-25,14,0
Estelí,2020-03-26,14,0
Estelí,2020-03-27,14,0
Estelí,2020-03-28,14,0
Estelí,2020-03-29,16,0
Estelí,2020-03-30,16,0
Estelí,2020-03-31,18,0
Estelí,2020-04-01,18,0
Estelí,2020-04-02,18,0
Estelí,2020-04-03,18,0
Estelí,2020-04-04,18,0
Estelí,2020-04-05,18,0
Estelí,2020-04-06,20,0
Estelí,2020-04-07,20,0
Estelí,2020-04-08,21,0
Estelí,2020-04-09,22,1
Estelí,2020-04-10,23,1
Estelí,2020-04-11,23,1
Estelí,2020-04-12,23,1
Estelí,2020-04-13,23,1
Estelí,2020-04-14,23,1
Estelí,2020-04-15,23,1
Estelí,2020-04-16,24,1
Estelí,2020-04-17,24,1
Estelí,2020-04-18,24,1
Estelí,2020-04-19,26,1
Estelí,2020-04-20,26,1
Estelí,2020-04-21,28,2
Estelí,2020-04-22,28,2
Estelí,2020-04-23,28,2
Estelí,2020-04-24,28,2
Estelí,2020-04-25,29,2
Estelí,2020-04-26,29,2
Estelí,2020-04-27,29,2
Estelí,2020-04-28,29,2
Estelí,2020-04-29,30,2
Estelí,2020-04-30,33,2
Estelí,2020-05-01,33,2
Estelí,2020-05-02,33,2
Estelí,2020-05-03,33,2
Estelí,2020-05-04,35,2
Estelí,2020-05-05,35,2
Estelí,2020-05-06,36,2
Estelí,2020-05-07,36,2
Estelí,2020-05-08,36,2
Estelí,2020-05-09,36,2
Estelí,2020-05-10,36,2
Estelí,2020-05-11,36,2
Estelí,2020-05-12,40,2
Estelí,2020-05-13,40,2
Estelí,2020-05-14,40,2
Estelí,2020-05-15,41,2
Estelí,2020-05-16,41,2
Estelí,2020-05-17,44,3
Estelí,2020-05-18,45,4
Estelí,2020-05-19,45,4
Estelí,2020-05-20,48,4
Estelí,2020-05-21,51,4
Estelí,2020-05-22,56,5
Estelí,2020-05-23,57,5
Estelí,2020-05-24,57,5
Estelí,2020-05-25,58,6
Estelí,2020-05-26,81,6
Estelí,2020-05-27,83,7
Estelí,2020-05-28,87,8
Estelí,2020-05-29,90,8
Estelí,2020-05-30,90,8
Estelí,2020-05-31,91,8
Estelí,2020-06-01,93,9
Estelí,2020-06-02,97,10
Estelí,2020-06-03,109,13
Estelí,2020-06-04,116,15
Estelí,2020-06-05,124,20
Estelí,2020-06-06,129,23
Estelí,2020-06-07,131,23
Estelí,2020-06-08,142,27
Estelí,2020-06-09,151,28
Estelí,2020-06-10,158,30
Estelí,2020-06-11,161,31
Estelí,2020-06-12,165,32
Estelí,2020-06-13,172,37
Estelí,2020-06-14,178,39
Estelí,2020-06-15,185,43
Estelí,2020-06-16,196,48
Estelí,2020-06-17,227,53
Estelí,2020-06-18,283,58
Estelí,2020-06-19,294,61
Estelí,2020-06-20,302,63
Estelí,2020-06-21,317,67
Estelí,2020-06-22,326,71
Estelí,2020-06-23,333,75
Estelí,2020-06-24,334,76
Estelí,2020-06-25,336,77
Estelí,2020-06-26,336,77
Estelí,2020-06-27,337,77
Estelí,2020-06-28,339,78
Estelí,2020-06-29,344,79
Estelí,2020-06-30,346,80
Estelí,2020-07-01,349,81
Estelí,2020-07-02,388,88
Estelí,2020-07-03,394,91
Estelí,2020-07-04,403,91
Estelí,2020-07-05,405,91
Estelí,2020-07-06,411,92
Estelí,2020-07-07,424,100
Estelí,2020-07-08,438,107
Estelí,2020-07-09,447,108
Estelí,2020-07-10,454,114
Estelí,2020-07-11,454,114
Estelí,2020-07-12,459,114
Estelí,2020-07-13,466,115
Estelí,2020-07-14,472,115
Estelí,2020-07-15,479,116
Estelí,2020-07-16,480,117
Estelí,2020-07-17,486,118
Estelí,2020-07-18,487,119
Estelí,2020-07-19,491,122
Estelí,2020-07-20,491,122
Estelí,2020-07-21,497,122
Estelí,2020-07-22,505,124
Estelí,2020-07-23,505,124
Estelí,2020-07-24,521,124
Estelí,2020-07-25,521,124
Estelí,2020-07-26,522,125
Estelí,2020-07-27,522,125
Estelí,2020-07-28,522,125
Estelí,2020-07-29,526,125
Estelí,2020-07-30,526,125
Estelí,2020-07-31,528,126
Estelí,2020-08-01,528,126
Estelí,2020-08-02,528,126
Estelí,2020-08-03,529,126
Estelí,2020-08-04,531,127
Estelí,2020-08-05,533,127
Estelí,2020-08-06,534,127
Estelí,2020-08-07,535,128
Estelí,2020-08-08,535,128
Estelí,2020-08-09,535,128
Estelí,2020-08-10,535,128
Estelí,2020-08-11,535,128
Estelí,2020-08-12,536,128
Estelí,2020-08-13,549,128
Estelí,2020-08-14,553,128
Estelí,2020-08-15,553,128
Estelí,2020-08-16,553,128
Estelí,2020-08-17,554,128
Estelí,2020-08-18,554,128
Estelí,2020-08-19,558,129
Estelí,2020-08-20,558,129
Estelí,2020-08-21,559,129
Estelí,2020-08-22,589,129
Estelí,2020-08-23,604,130
Estelí,2020-08-24,605,130
Estelí,2020-08-25,605,130
Estelí,2020-08-26,606,131
Granada,2020-03-22,2,0
Granada,2020-03-23,2,0
Granada,2020-03-24,2,0
Granada,2020-03-25,2,0
Granada,2020-03-26,2,0
Granada,2020-03-27,2,0
Granada,2020-03-28,2,0
Granada,2020-03-29,2,0
Granada,2020-03-30,2,0
Granada,2020-03-31,2,0
Granada,2020-04-01,2,0
Granada,2020-04-02,2,0
Granada,2020-04-03,2,0
Granada,2020-04-04,2,0
Granada,2020-04-05,2,0
Granada,2020-04-06,2,0
Granada,2020-04-07,3,0
Granada,2020-04-08,3,0
Granada,2020-04-09,3,0
Granada,2020-04-10,3,0
Granada,2020-04-11,3,0
Granada,2020-04-12,3,0
Granada,2020-04-13,3,0
Granada,2020-04-14,3,0
Granada,2020-04-15,3,0
Granada,2020-04-16,3,0
Granada,2020-04-17,3,0
Granada,2020-04-18,8,0
Granada,2020-04-19,9,0
Granada,2020-04-20,10,1
Granada,2020-04-21,13,1
Granada,2020-04-22,13,1
Granada,2020-04-23,13,1
Granada,2020-04-24,14,1
Granada,2020-04-25,15,1
Granada,2020-04-26,15,1
Granada,2020-04-27,15,1
Granada,2020-04-28,15,1
Granada,2020-04-29,16,1
Granada,2020-04-30,16,1
Granada,2020-05-01,16,1
Granada,2020-05-02,22,1
Granada,2020-05-03,22,1
Granada,2020-05-04,22,1
Granada,2020-05-05,25,1
Granada,2020-05-06,28,2
Granada,2020-05-07,33,3
Granada,2020-05-08,39,3
Granada,2020-05-09,42,3
Granada,2020-05-10,44,4
Granada,2020-05-11,45,4
Granada,2020-05-12,51,6
Granada,2020-05-13,53,6
Granada,2020-05-14,56,7
Granada,2020-05-15,57,8
Granada,2020-05-16,59,10
Granada,2020-05-17,62,11
Granada,2020-05-18,65,13
Granada,2020-05-19,66,14
Granada,2020-05-20,67,14
Granada,2020-05-21,70,16
Granada,2020-05-22,70,16
Granada,2020-05-23,73,19
Granada,2020-05-24,76,21
Granada,2020-05-25,79,24
Granada,2020-05-26,80,25
Granada,2020-05-27,106,51
Granada,2020-05-28,109,54
Granada,2020-05-29,113,55
Granada,2020-05-30,115,55
Granada,2020-05-31,116,56
Granada,2020-06-01,119,59
Granada,2020-06-02,121,59
Granada,2020-06-03,127,59
Granada,2020-06-04,156,63
Granada,2020-06-05,158,63
Granada,2020-06-06,161,65
Granada,2020-06-07,165,68
Granada,2020-06-08,167,68
Granada,2020-06-09,171,69
Granada,2020-06-10,171,69
Granada,2020-06-11,172,69
Granada,2020-06-12,177,70
Granada,2020-06-13,177,70
Granada,2020-06-14,178,71
Granada,2020-06-15,180,72
Granada,2020-06-16,183,75
Granada,2020-06-17,185,77
Granada,2020-06-18,185,77
Granada,2020-06-19,187,78
Granada,2020-06-20,187,78
Granada,2020-06-21,187,78
Granada,2020-06-22,187,78
Granada,2020-06-23,191,79
Granada,2020-06-24,191,79
Granada,2020-06-25,191,79
Granada,2020-06-26,192,79
Granada,2020-06-27,193,79
Granada,2020-06-28,194,79
Granada,2020-06-29,198,80
Granada,2020-06-30,198,80
Granada,2020-07-01,198,80
Granada,2020-07-02,199,80
Granada,2020-07-03,201,82
Granada,2020-07-04,204,85
Granada,2020-07-05,204,85
Granada,2020-07-06,218,88
Granada,2020-07-07,218,88
Granada,2020-07-08,221,89
Granada,2020-07-09,221,89
Granada,2020-07-10,223,90
Granada,2020-07-11,223,90
Granada,2020-07-12,224,91
Granada,2020-07-13,225,91
Granada,2020-07-14,225,91
Granada,2020-07-15,227,91
Granada,2020-07-16,231,94
Granada,2020-07-17,233,94
Granada,2020-07-18,236,95
Granada,2020-07-19,236,95
Granada,2020-07-20,239,95
Granada,2020-07-21,251,96
Granada,2020-07-22,251,96
Granada,2020-07-23,251,96
Granada,2020-07-24,256,97
Granada,2020-07-25,256,97
Granada,2020-07-26,259,99
Granada,2020-07-27,259,99
Granada,2020-07-28,259,99
Granada,2020-07-29,260,100
Granada,2020-07-30,260,100
Granada,2020-07-31,260,100
Granada,2020-08-01,260,100
Granada,2020-08-02,260,100
Granada,2020-08-03,262,101
Granada,2020-08-04,262,102
Granada,2020-08-05,263,102
Granada,2020-08-06,264,102
Granada,2020-08-07,265,102
Granada,2020-08-08,265,102
Granada,2020-08-09,267,102
Granada,2020-08-10,267,104
Granada,2020-08-11,273,104
Granada,2020-08-12,273,104
Granada,2020-08-13,273,104
Granada,2020-08-14,273,104
Granada,2020-08-15,273,104
Granada,2020-08-16,273,104
Granada,2020-08-17,273,104
Granada,2020-08-18,273,104
Granada,2020-08-19,273,104
Granada,2020-08-20,273,104
Granada,2020-08-21,273,104
Granada,2020-08-22,273,104
Granada,2020-08-23,273,104
Granada,2020-08-24,273,104
Granada,2020-08-25,273,104
Granada,2020-08-26,273,104
Jinotega,2020-03-22,0,0
Jinotega,2020-03-23,0,0
Jinotega,2020-03-24,0,0
Jinotega,2020-03-25,0,0
Jinotega,2020-03-26,0,0
Jinotega,2020-03-27,1,0
Jinotega,2020-03-28,1,0
Jinotega,2020-03-29,1,0
Jinotega,2020-03-30,1,0
Jinotega,2020-03-31,1,0
Jinotega,2020-04-01,1,0
Jinotega,2020-04-02,1,0
Jinotega,2020-04-03,1,0
Jinotega,2020-04-04,1,0
Jinotega,2020-04-05,1,0
Jinotega,2020-04-06,1,0
Jinotega,2020-04-07,1,0
Jinotega,2020-04-08,1,0
Jinotega,2020-04-09,1,0
Jinotega,2020-04-10,1,0
Jinotega,2020-04-11,1,0
Jinotega,2020-04-12,1,0
Jinotega,2020-04-13,1,0
Jinotega,2020-04-14,1,0
Jinotega,2020-04-15,1,0
Jinotega,2020-04-16,1,0
Jinotega,2020-04-17,2,0
Jinotega,2020-04-18,3,0
Jinotega,2020-04-19,3,0
Jinotega,2020-04-20,3,0
Jinotega,2020-04-21,3,0
Jinotega,2020-04-22,3,0
Jinotega,2020-04-23,3,0
Jinotega,2020-04-24,3,0
Jinotega,2020-04-25,3,0
Jinotega,2020-04-26,3,0
Jinotega,2020-04-27,3,0
Jinotega,2020-04-28,3,0
Jinotega,2020-04-29,3,0
Jinotega,2020-04-30,3,0
Jinotega,2020-05-01,3,0
Jinotega,2020-05-02,3,0
Jinotega,2020-05-03,5,1
Jinotega,2020-05-04,6,1
Jinotega,2020-05-05,6,1
Jinotega,2020-05-06,6,1
Jinotega,2020-05-07,8,3
Jinotega,2020-05-08,9,4
Jinotega,2020-05-09,13,8
Jinotega,2020-05-10,13,8
Jinotega,2020-05-11,13,8
Jinotega,2020-05-12,14,8
Jinotega,2020-05-13,15,8
Jinotega,2020-05-14,15,8
Jinotega,2020-05-15,17,8
Jinotega,2020-05-16,18,8
Jinotega,2020-05-17,18,8
Jinotega,2020-05-18,20,8
Jinotega,2020-05-19,20,8
Jinotega,2020-05-20,21,8
Jinotega,2020-05-21,25,8
Jinotega,2020-05-22,25,8
Jinotega,2020-05-23,25,8
Jinotega,2020-05-24,30,8
Jinotega,2020-05-25,31,8
Jinotega,2020-05-26,31,8
Jinotega,2020-05-27,32,9
Jinotega,2020-05-28,35,9
Jinotega,2020-05-29,35,9
Jinotega,2020-05-30,37,9
Jinotega,2020-05-31,60,16
Jinotega,2020-06-01,68,16
Jinotega,2020-06-02,71,17
Jinotega,2020-06-03,85,18
Jinotega,2020-06-04,92,21
Jinotega,2020-06-05,99,21
Jinotega,2020-06-06,105,21
Jinotega,2020-06-07,106,22
Jinotega,2020-06-08,111,22
Jinotega,2020-06-09,120,22
Jinotega,2020-06-10,122,24
Jinotega,2020-06-11,124,24
Jinotega,2020-06-12,134,26
Jinotega,2020-06-13,139,26
Jinotega,2020-06-14,144,26
Jinotega,2020-06-15,148,30
Jinotega,2020-06-16,177,30
Jinotega,2020-06-17,194,33
Jinotega,2020-06-18,198,33
Jinotega,2020-06-19,201,33
Jinotega,2020-06-20,203,33
Jinotega,2020-06-21,205,33
Jinotega,2020-06-22,216,37
Jinotega,2020-06-23,225,38
Jinotega,2020-06-24,225,38
Jinotega,2020-06-25,227,39
Jinotega,2020-06-26,228,39
Jinotega,2020-06-27,230,41
Jinotega,2020-06-28,231,42
Jinotega,2020-06-29,231,42
Jinotega,2020-06-30,237,44
Jinotega,2020-07-01,241,46
Jinotega,2020-07-02,242,46
Jinotega,2020-07-03,242,46
Jinotega,2020-07-04,244,46
Jinotega,2020-07-05,246,47
Jinotega,2020-07-06,247,47
Jinotega,2020-07-07,252,51
Jinotega,2020-07-08,254,52
Jinotega,2020-07-09,256,53
Jinotega,2020-07-10,261,53
Jinotega,2020-07-11,261,53
Jinotega,2020-07-12,261,53
Jinotega,2020-07-13,264,53
Jinotega,2020-07-14,264,53
Jinotega,2020-07-15,269,54
Jinotega,2020-07-16,270,55
Jinotega,2020-07-17,273,58
Jinotega,2020-07-18,273,58
Jinotega,2020-07-19,273,58
Jinotega,2020-07-20,274,59
Jinotega,2020-07-21,274,59
Jinotega,2020-07-22,274,59
Jinotega,2020-07-23,274,59
Jinotega,2020-07-24,274,59
Jinotega,2020-07-25,274,59
Jinotega,2020-07-26,275,60
Jinotega,2020-07-27,277,60
Jinotega,2020-07-28,277,60
Jinotega,2020-07-29,277,60
Jinotega,2020-07-30,279,60
Jinotega,2020-07-31,279,60
Jinotega,2020-08-01,279,60
Jinotega,2020-08-02,284,60
Jinotega,2020-08-03,285,61
Jinotega,2020-08-04,291,67
Jinotega,2020-08-05,293,68
Jinotega,2020-08-06,293,68
Jinotega,2020-08-07,294,68
Jinotega,2020-08-08,294,68
Jinotega,2020-08-09,294,68
Jinotega,2020-08-10,294,68
Jinotega,2020-08-11,294,68
Jinotega,2020-08-12,297,68
Jinotega,2020-08-13,300,68
Jinotega,2020-08-14,312,69
Jinotega,2020-08-15,312,69
Jinotega,2020-08-16,312,69
Jinotega,2020-08-17,312,69
Jinotega,2020-08-18,312,69
Jinotega,2020-08-19,312,69
Jinotega,2020-08-20,312,69
Jinotega,2020-08-21,312,69
Jinotega,2020-08-22,312,70
Jinotega,2020-08-23,312,70
Jinotega,2020-08-24,312,70
Jinotega,2020-08-25,312,70
Jinotega,2020-08-26,312,70
León,2020-03-22,0,0
León,2020-03-23,0,0
León,2020-03-24,1,0
León,2020-03-25,1,0
León,2020-03-26,2,0
León,2020-03-27,2,0
León,2020-03-28,2,0
León,2020-03-29,5,1
León,2020-03-30,7,1
León,2020-03-31,7,1
León,2020-04-01,7,1
León,2020-04-02,9,1
León,2020-04-03,9,1
León,2020-04-04,9,1
León,2020-04-05,9,1
León,2020-04-06,13,1
León,2020-04-07,14,1
León,2020-04-08,14,1
León,2020-04-09,15,1
León,2020-04-10,15,1
León,2020-04-11,16,1
León,2020-04-12,16,1
León,2020-04-13,17,2
León,2020-04-14,17,2
León,2020-04-15,17,2
León,2020-04-16,18,2
León,2020-04-17,18,2
León,2020-04-18,18,2
León,2020-04-19,18,2
León,2020-04-20,19,2
León,2020-04-21,21,2
León,2020-04-22,22,3
León,2020-04-23,26,3
León,2020-04-24,27,3
León,2020-04-25,28,3
León,2020-04-26,28,3
León,2020-04-27,28,3
León,2020-04-28,29,3
León,2020-04-29,30,3
León,2020-04-30,30,3
León,2020-05-01,30,3
León,2020-05-02,34,4
León,2020-05-03,35,4
León,2020-05-04,36,4
León,2020-05-05,37,4
León,2020-05-06,41,4
León,2020-05-07,43,5
León,2020-05-08,46,6
León,2020-05-09,46,6
León,2020-05-10,49,6
León,2020-05-11,49,6
León,2020-05-12,50,6
León,2020-05-13,53,7
León,2020-05-14,55,8
León,2020-05-15,56,8
León,2020-05-16,59,9
León,2020-05-17,66,12
León,2020-05-18,73,17
León,2020-05-19,79,18
León,2020-05-20,91,20
León,2020-05-21,105,27
León,2020-05-22,115,30
León,2020-05-23,122,34
León,2020-05-24,131,38
León,2020-05-25,140,38
León,2020-05-26,152,46
León,2020-05-27,191,54
León,2020-05-28,211,62
León,2020-05-29,221,66
León,2020-05-30,240,68
León,2020-05-31,249,76
León,2020-06-01,265,78
León,2020-06-02,267,80
León,2020-06-03,281,87
León,2020-06-04,295,96
León,2020-06-05,302,98
León,2020-06-06,314,101
León,2020-06-07,331,105
León,2020-06-08,341,111
León,2020-06-09,346,113
León,2020-06-10,356,116
León,2020-06-11,362,117
León,2020-06-12,368,119
León,2020-06-13,372,122
León,2020-06-14,374,125
León,2020-06-15,399,126
León,2020-06-16,414,132
León,2020-06-17,429,133
León,2020-06-18,435,134
León,2020-06-19,444,135
León,2020-06-20,451,137
León,2020-06-21,455,138
León,2020-06-22,457,138
León,2020-06-23,461,139
León,2020-06-24,466,140
León,2020-06-25,469,141
León,2020-06-26,481,146
León,2020-06-27,488,150
León,2020-06-28,506,154
León,2020-06-29,509,155
León,2020-06-30,514,156
León,2020-07-01,551,157
León,2020-07-02,554,159
León,2020-07-03,556,161
León,2020-07-04,559,162
León,2020-07-05,561,162
León,2020-07-06,564,164
León,2020-07-07,575,173
León,2020-07-08,596,176
León,2020-07-09,601,177
León,2020-07-10,601,177
León,2020-07-11,601,177
León,2020-07-12,602,178
León,2020-07-13,603,178
León,2020-07-14,603,178
León,2020-07-15,603,179
León,2020-07-16,607,181
León,2020-07-17,625,184
León,2020-07-18,625,184
León,2020-07-19,628,184
León,2020-07-20,628,184
León,2020-07-21,630,186
León,2020-07-22,632,186
León,2020-07-23,632,186
León,2020-07-24,657,186
León,2020-07-25,659,186
León,2020-07-26,662,188
León,2020-07-27,665,188
León,2020-07-28,665,188
León,2020-07-29,667,188
León,2020-07-30,671,188
León,2020-07-31,671,188
León,2020-08-01,674,188
León,2020-08-02,675,188
León,2020-08-03,675,188
León,2020-08-04,675,188
León,2020-08-05,678,190
León,2020-08-06,678,190
León,2020-08-07,678,191
León,2020-08-08,679,193
León,2020-08-09,680,193
León,2020-08-10,680,193
León,2020-08-11,684,193
León,2020-08-12,694,193
León,2020-08-13,698,193
León,2020-08-14,708,195
León,2020-08-15,708,195
León,2020-08-16,708,195
León,2020-08-17,709,195
León,2020-08-18,715,196
León,2020-08-19,715,196
León,2020-08-20,715,196
León,2020-08-21,719,196
León,2020-08-22,723,197
León,2020-08-23,723,197
León,2020-08-24,724,197
León,2020-08-25,724,197
León,2020-08-26,724,197
Madriz,2020-03-22,2,0
Madriz,2020-03-23,2,0
Madriz,2020-03-24,2,0
Madriz,2020-03-25,2,0
Madriz,2020-03-26,2,0
Madriz,2020-03-27,2,0
Madriz,2020-03-28,2,0
Madriz,2020-03-29,2,0
Madriz,2020-03-30,2,0
Madriz,2020-03-31,2,0
Madriz,2020-04-01,2,0
Madriz,2020-04-02,4,0
Madriz,2020-04-03,7,1
Madriz,2020-04-04,11,1
Madriz,2020-04-05,11,1
Madriz,2020-04-06,11,1
Madriz,2020-04-07,11,1
Madriz,2020-04-08,11,1
Madriz,2020-04-09,11,1
Madriz,2020-04-10,11,1
Madriz,2020-04-11,11,1
Madriz,2020-04-12,11,1
Madriz,2020-04-13,12,1
Madriz,2020-04-14,14,1
Madriz,2020-04-15,14,1
Madriz,2020-04-16,14,1
Madriz,2020-04-17,14,1
Madriz,2020-04-18,14,1
Madriz,2020-04-19,14,1
Madriz,2020-04-20,14,1
Madriz,2020-04-21,14,1
Madriz,2020-04-22,14,1
Madriz,2020-04-23,14,1
Madriz,2020-04-24,14,1
Madriz,2020-04-25,14,1
Madriz,2020-04-26,14,1
Madriz,2020-04-27,14,1
Madriz,2020-04-28,15,1
Madriz,2020-04-29,15,1
Madriz,2020-04-30,15,1
Madriz,2020-05-01,15,1
Madriz,2020-05-02,16,1
Madriz,2020-05-03,16,1
Madriz,2020-05-04,19,2
Madriz,2020-05-05,19,2
Madriz,2020-05-06,19,2
Madriz,2020-05-07,19,2
Madriz,2020-05-08,19,2
Madriz,2020-05-09,20,2
Madriz,2020-05-10,20,2
Madriz,2020-05-11,20,2
Madriz,2020-05-12,20,2
Madriz,2020-05-13,20,2
Madriz,2020-05-14,20,2
Madriz,2020-05-15,20,2
Madriz,2020-05-16,21,2
Madriz,2020-05-17,22,3
Madriz,2020-05-18,24,3
Madriz,2020-05-19,24,3
Madriz,2020-05-20,24,3
Madriz,2020-05-21,28,3
Madriz,2020-05-22,28,3
Madriz,2020-05-23,28,3
Madriz,2020-05-24,28,3
Madriz,2020-05-25,30,4
Madriz,2020-05-26,30,4
Madriz,2020-05-27,36,6
Madriz,2020-05-28,36,6
Madriz,2020-05-29,36,6
Madriz,2020-05-30,36,6
Madriz,2020-05-31,36,6
Madriz,2020-06-01,58,7
Madriz,2020-06-02,58,7
Madriz,2020-06-03,63,7
Madriz,2020-06-04,69,7
Madriz,2020-06-05,81,7
Madriz,2020-06-06,85,7
Madriz,2020-06-07,88,7
Madriz,2020-06-08,92,7
Madriz,2020-06-09,101,7
Madriz,2020-06-10,103,7
Madriz,2020-06-11,107,9
Madriz,2020-06-12,119,11
Madriz,2020-06-13,119,11
Madriz,2020-06-14,125,11
Madriz,2020-06-15,129,11
Madriz,2020-06-16,146,11
Madriz,2020-06-17,148,11
Madriz,2020-06-18,148,11
Madriz,2020-06-19,157,13
Madriz,2020-06-20,168,14
Madriz,2020-06-21,169,15
Madriz,2020-06-22,170,15
Madriz,2020-06-23,185,15
Madriz,2020-06-24,186,16
Madriz,2020-06-25,186,16
Madriz,2020-06-26,197,18
Madriz,2020-06-27,201,19
Madriz,2020-06-28,211,21
Madriz,2020-06-29,214,22
Madriz,2020-06-30,214,22
Madriz,2020-07-01,215,22
Madriz,2020-07-02,219,22
Madriz,2020-07-03,234,24
Madriz,2020-07-04,235,24
Madriz,2020-07-05,239,24
Madriz,2020-07-06,242,24
Madriz,2020-07-07,244,25
Madriz,2020-07-08,246,26
Madriz,2020-07-09,251,26
Madriz,2020-07-10,254,28
Madriz,2020-07-11,259,32
Madriz,2020-07-12,259,32
Madriz,2020-07-13,264,33
Madriz,2020-07-14,266,34
Madriz,2020-07-15,266,34
Madriz,2020-07-16,274,38
Madriz,2020-07-17,277,39
Madriz,2020-07-18,280,41
Madriz,2020-07-19,281,41
Madriz,2020-07-20,282,41
Madriz,2020-07-21,284,41
Madriz,2020-07-22,284,41
Madriz,2020-07-23,286,41
Madriz,2020-07-24,290,42
Madriz,2020-07-25,297,42
Madriz,2020-07-26,305,42
Madriz,2020-07-27,305,42
Madriz,2020-07-28,309,42
Madriz,2020-07-29,311,43
Madriz,2020-07-30,324,47
Madriz,2020-07-31,324,47
Madriz,2020-08-01,326,48
Madriz,2020-08-02,334,50
Madriz,2020-08-03,338,50
Madriz,2020-08-04,338,50
Madriz,2020-08-05,350,51
Madriz,2020-08-06,360,51
Madriz,2020-08-07,364,51
Madriz,2020-08-08,364,51
Madriz,2020-08-09,367,51
Madriz,2020-08-10,379,52
Madriz,2020-08-11,383,54
Madriz,2020-08-12,386,54
Madriz,2020-08-13,386,54
Madriz,2020-08-14,392,55
Madriz,2020-08-15,396,55
Madriz,2020-08-16,396,55
Madriz,2020-08-17,396,55
Madriz,2020-08-18,396,55
Madriz,2020-08-19,404,56
Madriz,2020-08-20,409,57
Madriz,2020-08-21,424,58
Madriz,2020-08-22,426,58
Madriz,2020-08-23,434,58
Madriz,2020-08-24,434,58
Madriz,2020-08-25,437,58
Madriz,2020-08-26,437,58
Managua,2020-03-22,19,0
Managua,2020-03-23,26,0
Managua,2020-03-24,33,0
Managua,2020-03-25,34,0
Managua,2020-03-26,35,0
Managua,2020-03-27,36,0
Managua,2020-03-28,38,0
Managua,2020-03-29,39,0
Managua,2020-03-30,41,0
Managua,2020-03-31,46,1
Managua,2020-04-01,55,1
Managua,2020-04-02,70,1
Managua,2020-04-03,71,2
Managua,2020-04-04,76,2
Managua,2020-04-05,76,2
Managua,2020-04-06,78,2
Managua,2020-04-07,80,2
Managua,2020-04-08,81,2
Managua,2020-04-09,85,3
Managua,2020-04-10,87,3
Managua,2020-04-11,87,3
Managua,2020-04-12,88,4
Managua,2020-04-13,89,4
Managua,2020-04-14,94,4
Managua,2020-04-15,96,5
Managua,2020-04-16,102,6
Managua,2020-04-17,102,6
Managua,2020-04-18,103,6
Managua,2020-04-19,103,6
Managua,2020-04-20,108,6
Managua,2020-04-21,110,6
Managua,2020-04-22,112,6
Managua,2020-04-23,119,7
Managua,2020-04-24,123,8
Managua,2020-04-25,138,11
Managua,2020-04-26,144,14
Managua,2020-04-27,151,15
Managua,2020-04-28,166,19
Managua,2020-04-29,174,22
Managua,2020-04-30,180,22
Managua,2020-05-01,188,24
Managua,2020-05-02,217,27
Managua,2020-05-03,303,32
Managua,2020-05-04,347,32
Managua,2020-05-05,376,33
Managua,2020-05-06,396,34
Managua,2020-05-07,437,49
Managua,2020-05-08,479,72
Managua,2020-05-09,555,109
Managua,2020-05-10,572,117
Managua,2020-05-11,643,134
Managua,2020-05-12,686,139
Managua,2020-05-13,743,154
Managua,2020-05-14,813,162
Managua,2020-05-15,859,171
Managua,2020-05-16,920,188
Managua,2020-05-17,977,203
Managua,2020-05-18,1100,215
Managua,2020-05-19,1157,239
Managua,2020-05-20,1225,246
Managua,2020-05-21,1273,261
Managua,2020-05-22,1402,306
Managua,2020-05-23,1438,317
Managua,2020-05-24,1474,333
Managua,2020-05-25,1570,366
Managua,2020-05-26,1628,385
Managua,2020-05-27,1731,412
Managua,2020-05-28,1812,424
Managua,2020-05-29,1859,435
Managua,2020-05-30,1942,453
Managua,2020-05-31,1988,466
Managua,2020-06-01,2074,491
Managua,2020-06-02,2135,503
Managua,2020-06-03,2186,519
Managua,2020-06-04,2250,536
Managua,2020-06-05,2337,555
Managua,2020-06-06,2357,560
Managua,2020-06-07,2417,587
Managua,2020-06-08,2505,606
Managua,2020-06-09,2520,611
Managua,2020-06-10,2547,616
Managua,2020-06-11,2581,627
Managua,2020-06-12,2627,632
Managua,2020-06-13,2643,636
Managua,2020-06-14,2702,648
Managua,2020-06-15,2761,661
Managua,2020-06-16,2805,675
Managua,2020-06-17,2840,684
Managua,2020-06-18,2878,699
Managua,2020-06-19,2945,713
Managua,2020-06-20,2981,725
Managua,2020-06-21,3017,740
Managua,2020-06-22,3066,757
Managua,2020-06-23,3115,762
Managua,2020-06-24,3150,770
Managua,2020-06-25,3167,776
Managua,2020-06-26,3228,794
Managua,2020-06-27,3246,802
Managua,2020-06-28,3264,808
Managua,2020-06-29,3315,816
Managua,2020-06-30,3344,824
Managua,2020-07-01,3369,827
Managua,2020-07-02,3397,829
Managua,2020-07-03,3405,829
Managua,2020-07-04,3408,830
Managua,2020-07-05,3417,831
Managua,2020-07-06,3449,848
Managua,2020-07-07,3480,856
Managua,2020-07-08,3495,859
Managua,2020-07-09,3520,862
Managua,2020-07-10,3529,863
Managua,2020-07-11,3532,866
Managua,2020-07-12,3533,867
Managua,2020-07-13,3543,867
Managua,2020-07-14,3550,868
Managua,2020-07-15,3564,869
Managua,2020-07-16,3568,871
Managua,2020-07-17,3571,871
Managua,2020-07-18,3575,873
Managua,2020-07-19,3593,873
Managua,2020-07-20,3600,875
Managua,2020-07-21,3604,876
Managua,2020-07-22,3610,876
Managua,2020-07-23,3614,880
Managua,2020-07-24,3626,881
Managua,2020-07-25,3628,881
Managua,2020-07-26,3631,882
Managua,2020-07-27,3632,883
Managua,2020-07-28,3638,883
Managua,2020-07-29,3641,883
Managua,2020-07-30,3642,884
Managua,2020-07-31,3648,884
Managua,2020-08-01,3663,885
Managua,2020-08-02,3675,885
Managua,2020-08-03,3679,886
Managua,2020-08-04,3697,888
Managua,2020-08-05,3708,889
Managua,2020-08-06,3709,889
Managua,2020-08-07,3717,891
Managua,2020-08-08,3719,891
Managua,2020-08-09,3723,891
Managua,2020-08-10,3724,891
Managua,2020-08-11,3730,891
Managua,2020-08-12,3734,892
Managua,2020-08-13,3736,892
Managua,2020-08-14,3739,892
Managua,2020-08-15,3740,892
Managua,2020-08-16,3740,892
Managua,2020-08-17,3744,892
Managua,2020-08-18,3748,893
Managua,2020-08-19,3752,895
Managua,2020-08-20,3759,896
Managua,2020-08-21,3759,896
Managua,2020-08-22,3759,896
Managua,2020-08-23,3760,896
Managua,2020-08-24,3760,896
Managua,2020-08-25,3761,896
Managua,2020-08-26,3763,896
Masaya,2020-03-22,3,0
Masaya,2020-03-23,3,0
Masaya,2020-03-24,4,0
Masaya,2020-03-25,6,0
Masaya,2020-03-26,6,0
Masaya,2020-03-27,6,0
Masaya,2020-03-28,6,0
Masaya,2020-03-29,6,0
Masaya,2020-03-30,6,0
Masaya,2020-03-31,6,0
Masaya,2020-04-01,6,0
Masaya,2020-04-02,6,0
Masaya,2020-04-03,7,1
Masaya,2020-04-04,7,1
Masaya,2020-04-05,7,1
Masaya,2020-04-06,7,1
Masaya,2020-04-07,8,1
Masaya,2020-04-08,8,1
Masaya,2020-04-09,9,1
Masaya,2020-04-10,9,1
Masaya,2020-04-11,11,1
Masaya,2020-04-12,11,1
Masaya,2020-04-13,23,1
Masaya,2020-04-14,23,1
Masaya,2020-04-15,23,1
Masaya,2020-04-16,23,1
Masaya,2020-04-17,23,1
Masaya,2020-04-18,23,1
Masaya,2020-04-19,24,1
Masaya,2020-04-20,25,1
Masaya,2020-04-21,26,1
Masaya,2020-04-22,27,1
Masaya,2020-04-23,27,1
Masaya,2020-04-24,27,1
Masaya,2020-04-25,27,1
Masaya,2020-04-26,28,1
Masaya,2020-04-27,28,1
Masaya,2020-04-28,29,1
Masaya,2020-04-29,32,1
Masaya,2020-04-30,33,1
Masaya,2020-05-01,35,1
Masaya,2020-05-02,36,1
Masaya,2020-05-03,55,2
Masaya,2020-05-04,61,3
Masaya,2020-05-05,64,3
Masaya,2020-05-06,67,3
Masaya,2020-05-07,74,4
Masaya,2020-05-08,78,5
Masaya,2020-05-09,81,6
Masaya,2020-05-10,86,7
Masaya,2020-05-11,93,11
Masaya,2020-05-12,103,15
Masaya,2020-05-13,109,19
Masaya,2020-05-14,154,23
Masaya,2020-05-15,185,32
Masaya,2020-05-16,203,40
Masaya,2020-05-17,208,42
Masaya,2020-05-18,223,45
Masaya,2020-05-19,242,55
Masaya,2020-05-20,264,67
Masaya,2020-05-21,281,78
Masaya,2020-05-22,297,83
Masaya,2020-05-23,305,86
Masaya,2020-05-24,317,90
Masaya,2020-05-25,333,94
Masaya,2020-05-26,337,95
Masaya,2020-05-27,347,102
Masaya,2020-05-28,352,107
Masaya,2020-05-29,364,116
Masaya,2020-05-30,372,119
Masaya,2020-05-31,386,124
Masaya,2020-06-01,398,132
Masaya,2020-06-02,411,141
Masaya,2020-06-03,421,152
Masaya,2020-06-04,434,158
Masaya,2020-06-05,437,161
Masaya,2020-06-06,440,164
Masaya,2020-06-07,441,164
Masaya,2020-06-08,454,174
Masaya,2020-06-09,465,176
Masaya,2020-06-10,467,178
Masaya,2020-06-11,480,185
Masaya,2020-06-12,491,190
Masaya,2020-06-13,500,198
Masaya,2020-06-14,507,200
Masaya,2020-06-15,523,205
Masaya,2020-06-16,535,213
Masaya,2020-06-17,538,216
Masaya,2020-06-18,540,216
Masaya,2020-06-19,542,219
Masaya,2020-06-20,542,220
Masaya,2020-06-21,548,221
Masaya,2020-06-22,554,223
Masaya,2020-06-23,556,224
Masaya,2020-06-24,557,224
Masaya,2020-06-25,564,226
Masaya,2020-06-26,565,226
Masaya,2020-06-27,568,228
Masaya,2020-06-28,575,229
Masaya,2020-06-29,578,230
Masaya,2020-06-30,585,232
Masaya,2020-07-01,586,232
Masaya,2020-07-02,591,233
Masaya,2020-07-03,594,234
Masaya,2020-07-04,595,235
Masaya,2020-07-05,596,235
Masaya,2020-07-06,598,237
Masaya,2020-07-07,598,237
Masaya,2020-07-08,598,237
Masaya,2020-07-09,601,239
Masaya,2020-07-10,602,239
Masaya,2020-07-11,604,239
Masaya,2020-07-12,605,239
Masaya,2020-07-13,605,239
Masaya,2020-07-14,609,242
Masaya,2020-07-15,613,245
Masaya,2020-07-16,617,248
Masaya,2020-07-17,619,249
Masaya,2020-07-18,620,250
Masaya,2020-07-19,620,250
Masaya,2020-07-20,620,250
Masaya,2020-07-21,621,250
Masaya,2020-07-22,622,251
Masaya,2020-07-23,623,251
Masaya,2020-07-24,631,251
Masaya,2020-07-25,633,253
Masaya,2020-07-26,630,253
Masaya,2020-07-27,633,258
Masaya,2020-07-28,633,258
Masaya,2020-07-29,633,258
Masaya,2020-07-30,640,265
Masaya,2020-07-31,640,265
Masaya,2020-08-01,640,265
Masaya,2020-08-02,640,265
Masaya,2020-08-03,641,265
Masaya,2020-08-04,642,265
Masaya,2020-08-05,644,266
Masaya,2020-08-06,645,267
Masaya,2020-08-07,646,268
Masaya,2020-08-08,646,268
Masaya,2020-08-09,646,268
Masaya,2020-08-10,648,270
Masaya,2020-08-11,648,270
Masaya,2020-08-12,649,270
Masaya,2020-08-13,651,271
Masaya,2020-08-14,651,271
Masaya,2020-08-15,652,271
Masaya,2020-08-16,652,271
Masaya,2020-08-17,652,271
Masaya,2020-08-18,652,271
Masaya,2020-08-19,652,271
Masaya,2020-08-20,652,271
Masaya,2020-08-21,652,271
Masaya,2020-08-22,652,271
Masaya,2020-08-23,652,271
Masaya,2020-08-24,652,271
Masaya,2020-08-25,652,271
Masaya,2020-08-26,652,271
Matagalpa,2020-03-22,1,0
Matagalpa,2020-03-23,2,0
Matagalpa,2020-03-24,3,0
Matagalpa,2020-03-25,3,0
Matagalpa,2020-03-26,3,0
Matagalpa,2020-03-27,3,0
Matagalpa,2020-03-28,4,1
Matagalpa,2020-03-29,6,3
Matagalpa,2020-03-30,6,3
Matagalpa,2020-03-31,9,3
Matagalpa,2020-04-01,9,3
Matagalpa,2020-04-02,10,3
Matagalpa,2020-04-03,10,3
Matagalpa,2020-04-04,10,3
Matagalpa,2020-04-05,10,3
Matagalpa,2020-04-06,11,3
Matagalpa,2020-04-07,13,4
Matagalpa,2020-04-08,14,4
Matagalpa,2020-04-09,14,4
Matagalpa,2020-04-10,16,4
Matagalpa,2020-04-11,17,4
Matagalpa,2020-04-12,17,4
Matagalpa,2020-04-13,18,5
Matagalpa,2020-04-14,19,6
Matagalpa,2020-04-15,19,6
Matagalpa,2020-04-16,19,6
Matagalpa,2020-04-17,19,6
Matagalpa,2020-04-18,22,8
Matagalpa,2020-04-19,22,8
Matagalpa,2020-04-20,22,8
Matagalpa,2020-04-21,22,8
Matagalpa,2020-04-22,24,9
Matagalpa,2020-04-23,24,9
Matagalpa,2020-04-24,27,9
Matagalpa,2020-04-25,31,10
Matagalpa,2020-04-26,31,10
Matagalpa,2020-04-27,33,11
Matagalpa,2020-04-28,43,11
Matagalpa,2020-04-29,49,11
Matagalpa,2020-04-30,49,11
Matagalpa,2020-05-01,51,11
Matagalpa,2020-05-02,51,11
Matagalpa,2020-05-03,52,12
Matagalpa,2020-05-04,52,12
Matagalpa,2020-05-05,53,13
Matagalpa,2020-05-06,54,13
Matagalpa,2020-05-07,58,13
Matagalpa,2020-05-08,61,13
Matagalpa,2020-05-09,64,14
Matagalpa,2020-05-10,70,14
Matagalpa,2020-05-11,72,15
Matagalpa,2020-05-12,74,16
Matagalpa,2020-05-13,83,16
Matagalpa,2020-05-14,86,17
Matagalpa,2020-05-15,106,18
Matagalpa,2020-05-16,112,18
Matagalpa,2020-05-17,157,18
Matagalpa,2020-05-18,162,19
Matagalpa,2020-05-19,163,19
Matagalpa,2020-05-20,168,23
Matagalpa,2020-05-21,175,25
Matagalpa,2020-05-22,180,27
Matagalpa,2020-05-23,192,35
Matagalpa,2020-05-24,195,36
Matagalpa,2020-05-25,198,36
Matagalpa,2020-05-26,203,37
Matagalpa,2020-05-27,219,39
Matagalpa,2020-05-28,234,39
Matagalpa,2020-05-29,242,40
Matagalpa,2020-05-30,256,42
Matagalpa,2020-05-31,299,43
Matagalpa,2020-06-01,321,54
Matagalpa,2020-06-02,334,56
Matagalpa,2020-06-03,345,57
Matagalpa,2020-06-04,391,64
Matagalpa,2020-06-05,408,66
Matagalpa,2020-06-06,416,66
Matagalpa,2020-06-07,433,73
Matagalpa,2020-06-08,445,77
Matagalpa,2020-06-09,446,77
Matagalpa,2020-06-10,482,82
Matagalpa,2020-06-11,490,84
Matagalpa,2020-06-12,503,86
Matagalpa,2020-06-13,512,89
Matagalpa,2020-06-14,558,97
Matagalpa,2020-06-15,569,98
Matagalpa,2020-06-16,591,99
Matagalpa,2020-06-17,613,104
Matagalpa,2020-06-18,619,107
Matagalpa,2020-06-19,640,109
Matagalpa,2020-06-20,651,111
Matagalpa,2020-06-21,674,113
Matagalpa,2020-06-22,680,117
Matagalpa,2020-06-23,686,118
Matagalpa,2020-06-24,691,121
Matagalpa,2020-06-25,712,126
Matagalpa,2020-06-26,731,136
Matagalpa,2020-06-27,741,141
Matagalpa,2020-06-28,748,143
Matagalpa,2020-06-29,748,144
Matagalpa,2020-06-30,764,147
Matagalpa,2020-07-01,779,148
Matagalpa,2020-07-02,785,149
Matagalpa,2020-07-03,796,152
Matagalpa,2020-07-04,802,156
Matagalpa,2020-07-05,819,160
Matagalpa,2020-07-06,828,164
Matagalpa,2020-07-07,836,166
Matagalpa,2020-07-08,856,173
Matagalpa,2020-07-09,861,177
Matagalpa,2020-07-10,897,180
Matagalpa,2020-07-11,907,182
Matagalpa,2020-07-12,928,183
Matagalpa,2020-07-13,934,184
Matagalpa,2020-07-14,938,186
Matagalpa,2020-07-15,943,186
Matagalpa,2020-07-16,947,190
Matagalpa,2020-07-17,957,197
Matagalpa,2020-07-18,960,198
Matagalpa,2020-07-19,960,198
Matagalpa,2020-07-20,961,198
Matagalpa,2020-07-21,962,198
Matagalpa,2020-07-22,970,201
Matagalpa,2020-07-23,970,201
Matagalpa,2020-07-24,985,202
Matagalpa,2020-07-25,991,205
Matagalpa,2020-07-26,991,205
Matagalpa,2020-07-27,991,205
Matagalpa,2020-07-28,991,205
Matagalpa,2020-07-29,1013,208
Matagalpa,2020-07-30,1022,209
Matagalpa,2020-07-31,1038,210
Matagalpa,2020-08-01,1043,210
Matagalpa,2020-08-02,1043,210
Matagalpa,2020-08-03,1071,210
Matagalpa,2020-08-04,1072,211
Matagalpa,2020-08-05,1073,212
Matagalpa,2020-08-06,1074,213
Matagalpa,2020-08-07,1091,220
Matagalpa,2020-08-08,1092,221
Matagalpa,2020-08-09,1092,221
Matagalpa,2020-08-10,1092,221
Matagalpa,2020-08-11,1099,221
Matagalpa,2020-08-12,1106,221
Matagalpa,2020-08-13,1112,222
Matagalpa,2020-08-14,1119,223
Matagalpa,2020-08-15,1119,223
Matagalpa,2020-08-16,1119,223
Matagalpa,2020-08-17,1119,223
Matagalpa,2020-08-18,1122,223
Matagalpa,2020-08-19,1122,223
Matagalpa,2020-08-20,1130,225
Matagalpa,2020-08-21,1130,225
Matagalpa,2020-08-22,1139,226
Matagalpa,2020-08-23,1139,226
Matagalpa,2020-08-24,1140,227
Matagalpa,2020-08-25,1151,230
Matagalpa,2020-08-26,1151,230
Nueva Segovia,2020-03-22,0,0
Nueva Segovia,2020-03-23,0,0
Nueva Segovia,2020-03-24,1,0
Nueva Segovia,2020-03-25,1,0
Nueva Segovia,2020-03-26,1,0
Nueva Segovia,2020-03-27,1,0
Nueva Segovia,2020-03-28,1,0
Nueva Segovia,2020-03-29,1,0
Nueva Segovia,2020-03-30,1,0
Nueva Segovia,2020-03-31,1,0
Nueva Segovia,2020-04-01,1,0
Nueva Segovia,2020-04-02,1,0
Nueva Segovia,2020-04-03,2,0
Nueva Segovia,2020-04-04,5,0
Nueva Segovia,2020-04-05,5,0
Nueva Segovia,2020-04-06,5,0
Nueva Segovia,2020-04-07,5,0
Nueva Segovia,2020-04-08,5,0
Nueva Segovia,2020-04-09,5,0
Nueva Segovia,2020-04-10,5,0
Nueva Segovia,2020-04-11,5,0
Nueva Segovia,2020-04-12,5,0
Nueva Segovia,2020-04-13,5,0
Nueva Segovia,2020-04-14,5,0
Nueva Segovia,2020-04-15,5,0
Nueva Segovia,2020-04-16,5,0
Nueva Segovia,2020-04-17,5,0
Nueva Segovia,2020-04-18,5,0
Nueva Segovia,2020-04-19,5,0
Nueva Segovia,2020-04-20,5,0
Nueva Segovia,2020-04-21,5,0
Nueva Segovia,2020-04-22,5,0
Nueva Segovia,2020-04-23,5,0
Nueva Segovia,2020-04-24,5,0
Nueva Segovia,2020-04-25,5,0
Nueva Segovia,2020-04-26,5,0
Nueva Segovia,2020-04-27,5,0
Nueva Segovia,2020-04-28,5,0
Nueva Segovia,2020-04-29,6,0
Nueva Segovia,2020-04-30,6,0
Nueva Segovia,2020-05-01,6,0
Nueva Segovia,2020-05-02,6,0
Nueva Segovia,2020-05-03,6,0
Nueva Segovia,2020-05-04,6,0
Nueva Segovia,2020-05-05,6,0
Nueva Segovia,2020-05-06,6,0
Nueva Segovia,2020-05-07,6,0
Nueva Segovia,2020-05-08,6,0
Nueva Segovia,2020-05-09,10,0
Nueva Segovia,2020-05-10,12,0
Nueva Segovia,2020-05-11,17,0
Nueva Segovia,2020-05-12,17,0
Nueva Segovia,2020-05-13,17,0
Nueva Segovia,2020-05-14,17,0
Nueva Segovia,2020-05-15,17,0
Nueva Segovia,2020-05-16,18,0
Nueva Segovia,2020-05-17,18,0
Nueva Segovia,2020-05-18,19,0
Nueva Segovia,2020-05-19,19,0
Nueva Segovia,2020-05-20,19,0
Nueva Segovia,2020-05-21,25,0
Nueva Segovia,2020-05-22,26,0
Nueva Segovia,2020-05-23,28,0
Nueva Segovia,2020-05-24,28,0
Nueva Segovia,2020-05-25,29,0
Nueva Segovia,2020-05-26,30,1
Nueva Segovia,2020-05-27,31,2
Nueva Segovia,2020-05-28,31,2
Nueva Segovia,2020-05-29,34,2
Nueva Segovia,2020-05-30,37,4
Nueva Segovia,2020-05-31,42,5
Nueva Segovia,2020-06-01,43,6
Nueva Segovia,2020-06-02,45,7
Nueva Segovia,2020-06-03,47,7
Nueva Segovia,2020-06-04,56,14
Nueva Segovia,2020-06-05,56,14
Nueva Segovia,2020-06-06,56,14
Nueva Segovia,2020-06-07,56,14
Nueva Segovia,2020-06-08,56,14
Nueva Segovia,2020-06-09,58,14
Nueva Segovia,2020-06-10,62,14
Nueva Segovia,2020-06-11,80,15
Nueva Segovia,2020-06-12,88,15
Nueva Segovia,2020-06-13,88,15
Nueva Segovia,2020-06-14,89,16
Nueva Segovia,2020-06-15,90,15
Nueva Segovia,2020-06-16,92,15
Nueva Segovia,2020-06-17,98,16
Nueva Segovia,2020-06-18,99,16
Nueva Segovia,2020-06-19,105,16
Nueva Segovia,2020-06-20,106,17
Nueva Segovia,2020-06-21,108,17
Nueva Segovia,2020-06-22,118,17
Nueva Segovia,2020-06-23,118,17
Nueva Segovia,2020-06-24,119,17
Nueva Segovia,2020-06-25,123,17
Nueva Segovia,2020-06-26,126,19
Nueva Segovia,2020-06-27,128,20
Nueva Segovia,2020-06-28,131,20
Nueva Segovia,2020-06-29,133,21
Nueva Segovia,2020-06-30,133,21
Nueva Segovia,2020-07-01,136,22
Nueva Segovia,2020-07-02,139,23
Nueva Segovia,2020-07-03,139,23
Nueva Segovia,2020-07-04,139,23
Nueva Segovia,2020-07-05,140,23
Nueva Segovia,2020-07-06,145,25
Nueva Segovia,2020-07-07,149,25
Nueva Segovia,2020-07-08,150,25
Nueva Segovia,2020-07-09,150,25
Nueva Segovia,2020-07-10,151,25
Nueva Segovia,2020-07-11,153,25
Nueva Segovia,2020-07-12,153,25
Nueva Segovia,2020-07-13,153,25
Nueva Segovia,2020-07-14,156,26
Nueva Segovia,2020-07-15,161,26
Nueva Segovia,2020-07-16,162,26
Nueva Segovia,2020-07-17,163,27
Nueva Segovia,2020-07-18,163,27
Nueva Segovia,2020-07-19,163,27
Nueva Segovia,2020-07-20,163,27
Nueva Segovia,2020-07-21,170,29
Nueva Segovia,2020-07-22,171,29
Nueva Segovia,2020-07-23,171,29
Nueva Segovia,2020-07-24,173,30
Nueva Segovia,2020-07-25,176,31
Nueva Segovia,2020-07-26,178,31
Nueva Segovia,2020-07-27,179,32
Nueva Segovia,2020-07-28,184,32
Nueva Segovia,2020-07-29,185,32
Nueva Segovia,2020-07-30,188,34
Nueva Segovia,2020-07-31,188,34
Nueva Segovia,2020-08-01,190,34
Nueva Segovia,2020-08-02,192,34
Nueva Segovia,2020-08-03,194,35
Nueva Segovia,2020-08-04,195,35
Nueva Segovia,2020-08-05,197,35
Nueva Segovia,2020-08-06,197,36
Nueva Segovia,2020-08-07,197,36
Nueva Segovia,2020-08-08,197,36
Nueva Segovia,2020-08-09,197,36
Nueva Segovia,2020-08-10,197,36
Nueva Segovia,2020-08-11,201,36
Nueva Segovia,2020-08-12,203,36
Nueva Segovia,2020-08-13,204,36
Nueva Segovia,2020-08-14,205,37
Nueva Segovia,2020-08-15,205,37
Nueva Segovia,2020-08-16,205,37
Nueva Segovia,2020-08-17,205,37
Nueva Segovia,2020-08-18,207,38
Nueva Segovia,2020-08-19,207,38
Nueva Segovia,2020-08-20,207,38
Nueva Segovia,2020-08-21,210,38
Nueva Segovia,2020-08-22,210,38
Nueva Segovia,2020-08-23,213,38
Nueva Segovia,2020-08-24,213,38
Nueva Segovia,2020-08-25,214,39
Nueva Segovia,2020-08-26,214,39
RACCN,2020-03-22,1,0
RACCN,2020-03-23,1,0
RACCN,2020-03-24,1,0
RACCN,2020-03-25,2,0
RACCN,2020-03-26,2,0
RACCN,2020-03-27,2,0
RACCN,2020-03-28,2,0
RACCN,2020-03-29,2,0
RACCN,2020-03-30,2,0
RACCN,2020-03-31,3,0
RACCN,2020-04-01,3,0
RACCN,2020-04-02,3,0
RACCN,2020-04-03,3,0
RACCN,2020-04-04,3,0
RACCN,2020-04-05,3,0
RACCN,2020-04-06,3,0
RACCN,2020-04-07,3,0
RACCN,2020-04-08,3,0
RACCN,2020-04-09,3,0
RACCN,2020-04-10,3,0
RACCN,2020-04-11,3,0
RACCN,2020-04-12,3,0
RACCN,2020-04-13,3,0
RACCN,2020-04-14,3,0
RACCN,2020-04-15,3,0
RACCN,2020-04-16,3,0
RACCN,2020-04-17,3,0
RACCN,2020-04-18,3,0
RACCN,2020-04-19,3,0
RACCN,2020-04-20,3,0
RACCN,2020-04-21,3,0
RACCN,2020-04-22,3,0
RACCN,2020-04-23,3,0
RACCN,2020-04-24,3,0
RACCN,2020-04-25,5,2
RACCN,2020-04-26,5,2
RACCN,2020-04-27,5,2
RACCN,2020-04-28,5,2
RACCN,2020-04-29,5,2
RACCN,2020-04-30,5,2
RACCN,2020-05-01,5,2
RACCN,2020-05-02,5,2
RACCN,2020-05-03,5,2
RACCN,2020-05-04,6,2
RACCN,2020-05-05,12,2
RACCN,2020-05-06,12,2
RACCN,2020-05-07,12,2
RACCN,2020-05-08,12,2
RACCN,2020-05-09,12,2
RACCN,2020-05-10,12,2
RACCN,2020-05-11,12,2
RACCN,2020-05-12,12,2
RACCN,2020-05-13,12,2
RACCN,2020-05-14,12,2
RACCN,2020-05-15,12,2
RACCN,2020-05-16,13,2
RACCN,2020-05-17,15,2
RACCN,2020-05-18,15,2
RACCN,2020-05-19,15,2
RACCN,2020-05-20,15,2
RACCN,2020-05-21,19,5
RACCN,2020-05-22,23,6
RACCN,2020-05-23,25,7
RACCN,2020-05-24,27,7
RACCN,2020-05-25,29,9
RACCN,2020-05-26,30,9
RACCN,2020-05-27,30,9
RACCN,2020-05-28,30,9
RACCN,2020-05-29,31,9
RACCN,2020-05-30,42,20
RACCN,2020-05-31,42,20
RACCN,2020-06-01,43,20
RACCN,2020-06-02,44,20
RACCN,2020-06-03,46,21
RACCN,2020-06-04,50,22
RACCN,2020-06-05,53,24
RACCN,2020-06-06,53,24
RACCN,2020-06-07,56,25
RACCN,2020-06-08,57,26
RACCN,2020-06-09,57,26
RACCN,2020-06-10,60,27
RACCN,2020-06-11,66,30
RACCN,2020-06-12,70,34
RACCN,2020-06-13,80,35
RACCN,2020-06-14,83,37
RACCN,2020-06-15,83,37
RACCN,2020-06-16,87,41
RACCN,2020-06-17,87,41
RACCN,2020-06-18,92,45
RACCN,2020-06-19,118,62
RACCN,2020-06-20,119,62
RACCN,2020-06-21,121,63
RACCN,2020-06-22,121,63
RACCN,2020-06-23,124,66
RACCN,2020-06-24,124,66
RACCN,2020-06-25,125,66
RACCN,2020-06-26,126,67
RACCN,2020-06-27,126,67
RACCN,2020-06-28,128,68
RACCN,2020-06-29,128,68
RACCN,2020-06-30,130,70
RACCN,2020-07-01,130,70
RACCN,2020-07-02,131,70
RACCN,2020-07-03,132,71
RACCN,2020-07-04,132,71
RACCN,2020-07-05,135,71
RACCN,2020-07-06,135,71
RACCN,2020-07-07,136,71
RACCN,2020-07-08,136,71
RACCN,2020-07-09,138,71
RACCN,2020-07-10,138,71
RACCN,2020-07-11,139,72
RACCN,2020-07-12,144,77
RACCN,2020-07-13,146,78
RACCN,2020-07-14,146,78
RACCN,2020-07-15,148,80
RACCN,2020-07-16,148,80
RACCN,2020-07-17,148,80
RACCN,2020-07-18,148,80
RACCN,2020-07-19,149,81
RACCN,2020-07-20,149,81
RACCN,2020-07-21,150,81
RACCN,2020-07-22,150,81
RACCN,2020-07-23,150,81
RACCN,2020-07-24,150,81
RACCN,2020-07-25,150,81
RACCN,2020-07-26,150,81
RACCN,2020-07-27,150,81
RACCN,2020-07-28,150,81
RACCN,2020-07-29,152,83
RACCN,2020-07-30,154,83
RACCN,2020-07-31,154,83
RACCN,2020-08-01,154,83
RACCN,2020-08-02,155,84
RACCN,2020-08-03,155,84
RACCN,2020-08-04,155,84
RACCN,2020-08-05,156,84
RACCN,2020-08-06,156,84
RACCN,2020-08-07,156,84
RACCN,2020-08-08,156,84
RACCN,2020-08-09,158,84
RACCN,2020-08-10,158,84
RACCN,2020-08-11,158,84
RACCN,2020-08-12,160,84
RACCN,2020-08-13,172,86
RACCN,2020-08-14,172,86
RACCN,2020-08-15,172,86
RACCN,2020-08-16,178,87
RACCN,2020-08-17,178,87
RACCN,2020-08-18,178,87
RACCN,2020-08-19,180,89
RACCN,2020-08-20,180,89
RACCN,2020-08-21,180,89
RACCN,2020-08-22,180,89
RACCN,2020-08-23,180,89
RACCN,2020-08-24,183,90
RACCN,2020-08-25,183,90
RACCN,2020-08-26,183,90
RACCS,2020-03-22,0,0
RACCS,2020-03-23,0,0
RACCS,2020-03-24,0,0
RACCS,2020-03-25,0,0
RACCS,2020-03-26,0,0
RACCS,2020-03-27,2,0
RACCS,2020-03-28,2,0
RACCS,2020-03-29,2,0
RACCS,2020-03-30,2,0
RACCS,2020-03-31,3,1
RACCS,2020-04-01,3,1
RACCS,2020-04-02,3,1
RACCS,2020-04-03,3,1
RACCS,2020-04-04,17,1
RACCS,2020-04-05,17,1
RACCS,2020-04-06,17,1
RACCS,2020-04-07,17,1
RACCS,2020-04-08,17,1
RACCS,2020-04-09,17,1
RACCS,2020-04-10,17,1
RACCS,2020-04-11,17,1
RACCS,2020-04-12,19,1
RACCS,2020-04-13,19,1
RACCS,2020-04-14,19,1
RACCS,2020-04-15,19,1
RACCS,2020-04-16,19,1
RACCS,2020-04-17,19,1
RACCS,2020-04-18,20,1
RACCS,2020-04-19,21,1
RACCS,2020-04-20,21,1
RACCS,2020-04-21,21,1
RACCS,2020-04-22,21,1
RACCS,2020-04-23,23,2
RACCS,2020-04-24,23,2
RACCS,2020-04-25,24,2
RACCS,2020-04-26,24,2
RACCS,2020-04-27,24,2
RACCS,2020-04-28,24,2
RACCS,2020-04-29,24,2
RACCS,2020-04-30,24,2
RACCS,2020-05-01,24,2
RACCS,2020-05-02,24,2
RACCS,2020-05-03,24,2
RACCS,2020-05-04,24,2
RACCS,2020-05-05,24,2
RACCS,2020-05-06,24,2
RACCS,2020-05-07,24,2
RACCS,2020-05-08,24,2
RACCS,2020-05-09,24,2
RACCS,2020-05-10,25,3
RACCS,2020-05-11,25,3
RACCS,2020-05-12,25,3
RACCS,2020-05-13,26,3
RACCS,2020-05-14,28,3
RACCS,2020-05-15,28,3
RACCS,2020-05-16,30,4
RACCS,2020-05-17,31,4
RACCS,2020-05-18,33,4
RACCS,2020-05-19,36,4
RACCS,2020-05-20,41,4
RACCS,2020-05-21,42,4
RACCS,2020-05-22,47,4
RACCS,2020-05-23,50,5
RACCS,2020-05-24,56,5
RACCS,2020-05-25,63,7
RACCS,2020-05-26,64,7
RACCS,2020-05-27,64,7
RACCS,2020-05-28,69,8
RACCS,2020-05-29,70,9
RACCS,2020-05-30,86,13
RACCS,2020-05-31,86,13
RACCS,2020-06-01,87,13
RACCS,2020-06-02,91,15
RACCS,2020-06-03,92,15
RACCS,2020-06-04,95,16
RACCS,2020-06-05,98,17
RACCS,2020-06-06,98,17
RACCS,2020-06-07,99,17
RACCS,2020-06-08,101,17
RACCS,2020-06-09,102,17
RACCS,2020-06-10,103,17
RACCS,2020-06-11,105,18
RACCS,2020-06-12,107,20
RACCS,2020-06-13,108,21
RACCS,2020-06-14,109,22
RACCS,2020-06-15,112,25
RACCS,2020-06-16,135,35
RACCS,2020-06-17,138,35
RACCS,2020-06-18,141,38
RACCS,2020-06-19,144,39
RACCS,2020-06-20,146,40
RACCS,2020-06-21,147,41
RACCS,2020-06-22,148,41
RACCS,2020-06-23,150,42
RACCS,2020-06-24,154,45
RACCS,2020-06-25,154,45
RACCS,2020-06-26,154,45
RACCS,2020-06-27,155,46
RACCS,2020-06-28,161,52
RACCS,2020-06-29,168,55
RACCS,2020-06-30,168,55
RACCS,2020-07-01,168,55
RACCS,2020-07-02,170,57
RACCS,2020-07-03,170,57
RACCS,2020-07-04,172,57
RACCS,2020-07-05,172,57
RACCS,2020-07-06,175,57
RACCS,2020-07-07,194,59
RACCS,2020-07-08,199,60
RACCS,2020-07-09,199,60
RACCS,2020-07-10,199,60
RACCS,2020-07-11,199,60
RACCS,2020-07-12,203,64
RACCS,2020-07-13,204,64
RACCS,2020-07-14,206,64
RACCS,2020-07-15,208,66
RACCS,2020-07-16,209,67
RACCS,2020-07-17,209,67
RACCS,2020-07-18,209,67
RACCS,2020-07-19,209,67
RACCS,2020-07-20,209,67
RACCS,2020-07-21,209,67
RACCS,2020-07-22,209,67
RACCS,2020-07-23,209,67
RACCS,2020-07-24,213,68
RACCS,2020-07-25,214,68
RACCS,2020-07-26,214,68
RACCS,2020-07-27,214,68
RACCS,2020-07-28,214,68
RACCS,2020-07-29,214,69
RACCS,2020-07-30,214,69
RACCS,2020-07-31,214,69
RACCS,2020-08-01,215,69
RACCS,2020-08-02,215,69
RACCS,2020-08-03,215,69
RACCS,2020-08-04,215,69
RACCS,2020-08-05,215,69
RACCS,2020-08-06,215,69
RACCS,2020-08-07,215,69
RACCS,2020-08-08,215,69
RACCS,2020-08-09,215,69
RACCS,2020-08-10,215,69
RACCS,2020-08-11,231,69
RACCS,2020-08-12,236,69
RACCS,2020-08-13,236,69
RACCS,2020-08-14,236,69
RACCS,2020-08-15,236,69
RACCS,2020-08-16,236,69
RACCS,2020-08-17,236,69
RACCS,2020-08-18,238,69
RACCS,2020-08-19,238,69
RACCS,2020-08-20,239,69
RACCS,2020-08-21,240,69
RACCS,2020-08-22,240,69
RACCS,2020-08-23,240,69
RACCS,2020-08-24,240,69
RACCS,2020-08-25,240,69
RACCS,2020-08-26,240,69
Río San Juan,2020-03-22,0,0
Río San Juan,2020-03-23,0,0
Río San Juan,2020-03-24,0,0
Río San Juan,2020-03-25,0,0
Río San Juan,2020-03-26,0,0
Río San Juan,2020-03-27,0,0
Río San Juan,2020-03-28,0,0
Río San Juan,2020-03-29,0,0
Río San Juan,2020-03-30,0,0
Río San Juan,2020-03-31,0,0
Río San Juan,2020-04-01,0,0
Río San Juan,2020-04-02,1,0
Río San Juan,2020-04-03,1,0
Río San Juan,2020-04-04,1,0
Río San Juan,2020-04-05,2,0
Río San Juan,2020-04-06,2,0
Río San Juan,2020-04-07,2,0
Río San Juan,2020-04-08,2,0
Río San Juan,2020-04-09,2,0
Río San Juan,2020-04-10,2,0
Río San Juan,2020-04-11,2,0
Río San Juan,2020-04-12,2,0
Río San Juan,2020-04-13,2,0
Río San Juan,2020-04-14,2,0
Río San Juan,2020-04-15,2,0
Río San Juan,2020-04-16,2,0
Río San Juan,2020-04-17,2,0
Río San Juan,2020-04-18,2,0
Río San Juan,2020-04-19,2,0
Río San Juan,2020-04-20,2,0
Río San Juan,2020-04-21,2,0
Río San Juan,2020-04-22,2,0
Río San Juan,2020-04-23,2,0
Río San Juan,2020-04-24,2,0
Río San Juan,2020-04-25,2,0
Río San Juan,2020-04-26,2,0
Río San Juan,2020-04-27,2,0
Río San Juan,2020-04-28,2,0
Río San Juan,2020-04-29,2,0
Río San Juan,2020-04-30,2,0
Río San Juan,2020-05-01,2,0
Río San Juan,2020-05-02,2,0
Río San Juan,2020-05-03,2,0
Río San Juan,2020-05-04,2,0
Río San Juan,2020-05-05,2,0
Río San Juan,2020-05-06,2,0
Río San Juan,2020-05-07,5,0
Río San Juan,2020-05-08,5,0
Río San Juan,2020-05-09,5,0
Río San Juan,2020-05-10,5,0
Río San Juan,2020-05-11,5,0
Río San Juan,2020-05-12,5,0
Río San Juan,2020-05-13,5,0
Río San Juan,2020-05-14,5,0
Río San Juan,2020-05-15,5,0
Río San Juan,2020-05-16,5,0
Río San Juan,2020-05-17,5,0
Río San Juan,2020-05-18,5,0
Río San Juan,2020-05-19,5,0
Río San Juan,2020-05-20,8,0
Río San Juan,2020-05-21,12,0
Río San Juan,2020-05-22,14,0
Río San Juan,2020-05-23,14,0
Río San Juan,2020-05-24,14,0
Río San Juan,2020-05-25,16,2
Río San Juan,2020-05-26,16,2
Río San Juan,2020-05-27,20,2
Río San Juan,2020-05-28,20,2
Río San Juan,2020-05-29,21,3
Río San Juan,2020-05-30,24,3
Río San Juan,2020-05-31,24,3
Río San Juan,2020-06-01,29,4
Río San Juan,2020-06-02,29,4
Río San Juan,2020-06-03,29,4
Río San Juan,2020-06-04,31,4
Río San Juan,2020-06-05,31,4
Río San Juan,2020-06-06,31,4
Río San Juan,2020-06-07,31,4
Río San Juan,2020-06-08,31,4
Río San Juan,2020-06-09,31,5
Río San Juan,2020-06-10,31,5
Río San Juan,2020-06-11,31,5
Río San Juan,2020-06-12,31,5
Río San Juan,2020-06-13,31,5
Río San Juan,2020-06-14,32,5
Río San Juan,2020-06-15,32,5
Río San Juan,2020-06-16,34,5
Río San Juan,2020-06-17,34,5
Río San Juan,2020-06-18,34,5
Río San Juan,2020-06-19,34,5
Río San Juan,2020-06-20,38,6
Río San Juan,2020-06-21,40,8
Río San Juan,2020-06-22,40,8
Río San Juan,2020-06-23,40,8
Río San Juan,2020-06-24,47,12
Río San Juan,2020-06-25,47,12
Río San Juan,2020-06-26,47,12
Río San Juan,2020-06-27,47,12
Río San Juan,2020-06-28,47,12
Río San Juan,2020-06-29,47,12
Río San Juan,2020-06-30,47,12
Río San Juan,2020-07-01,50,12
Río San Juan,2020-07-02,52,15
Río San Juan,2020-07-03,52,15
Río San Juan,2020-07-04,52,15
Río San Juan,2020-07-05,59,22
Río San Juan,2020-07-06,60,23
Río San Juan,2020-07-07,60,23
Río San Juan,2020-07-08,60,23
Río San Juan,2020-07-09,61,24
Río San Juan,2020-07-10,61,24
Río San Juan,2020-07-11,61,24
Río San Juan,2020-07-12,61,24
Río San Juan,2020-07-13,61,24
Río San Juan,2020-07-14,61,24
Río San Juan,2020-07-15,61,24
Río San Juan,2020-07-16,61,24
Río San Juan,2020-07-17,61,24
Río San Juan,2020-07-18,61,24
Río San Juan,2020-07-19,61,24
Río San Juan,2020-07-20,61,24
Río San Juan,2020-07-21,61,24
Río San Juan,2020-07-22,61,24
Río San Juan,2020-07-23,61,24
Río San Juan,2020-07-24,61,24
Río San Juan,2020-07-25,61,24
Río San Juan,2020-07-26,61,24
Río San Juan,2020-07-27,61,24
Río San Juan,2020-07-28,61,24
Río San Juan,2020-07-29,61,24
Río San Juan,2020-07-30,61,24
Río San Juan,2020-07-31,61,24
Río San Juan,2020-08-01,61,24
Río San Juan,2020-08-02,61,24
Río San Juan,2020-08-03,68,24
Río San Juan,2020-08-04,73,25
Río San Juan,2020-08-05,73,25
Río San Juan,2020-08-06,73,25
Río San Juan,2020-08-07,74,25
Río San Juan,2020-08-08,74,25
Río San Juan,2020-08-09,74,25
Río San Juan,2020-08-10,74,25
Río San Juan,2020-08-11,74,25
Río San Juan,2020-08-12,81,25
Río San Juan,2020-08-13,81,25
Río San Juan,2020-08-14,85,25
Río San Juan,2020-08-15,85,25
Río San Juan,2020-08-16,85,25
Río San Juan,2020-08-17,85,25
Río San Juan,2020-08-18,89,26
Río San Juan,2020-08-19,89,26
Río San Juan,2020-08-20,91,26
Río San Juan,2020-08-21,98,26
Río San Juan,2020-08-22,98,26
Río San Juan,2020-08-23,99,27
Río San Juan,2020-08-24,99,27
Río San Juan,2020-08-25,99,27
Río San Juan,2020-08-26,99,27
Rivas,2020-03-22,4,0
Rivas,2020-03-23,4,0
Rivas,2020-03-24,6,0
Rivas,2020-03-25,6,0
Rivas,2020-03-26,6,0
Rivas,2020-03-27,6,0
Rivas,2020-03-28,6,0
Rivas,2020-03-29,6,0
Rivas,2020-03-30,6,0
Rivas,2020-03-31,8,0
Rivas,2020-04-01,8,0
Rivas,2020-04-02,8,0
Rivas,2020-04-03,8,0
Rivas,2020-04-04,8,0
Rivas,2020-04-05,10,1
Rivas,2020-04-06,11,1
Rivas,2020-04-07,12,1
Rivas,2020-04-08,12,1
Rivas,2020-04-09,12,1
Rivas,2020-04-10,12,1
Rivas,2020-04-11,12,1
Rivas,2020-04-12,12,1
Rivas,2020-04-13,12,1
Rivas,2020-04-14,12,1
Rivas,2020-04-15,12,1
Rivas,2020-04-16,12,1
Rivas,2020-04-17,13,2
Rivas,2020-04-18,16,4
Rivas,2020-04-19,16,4
Rivas,2020-04-20,16,4
Rivas,2020-04-21,16,4
Rivas,2020-04-22,16,4
Rivas,2020-04-23,16,4
Rivas,2020-04-24,16,4
Rivas,2020-04-25,16,4
Rivas,2020-04-26,16,4
Rivas,2020-04-27,19,4
Rivas,2020-04-28,19,4
Rivas,2020-04-29,19,4
Rivas,2020-04-30,19,4
Rivas,2020-05-01,19,4
Rivas,2020-05-02,19,4
Rivas,2020-05-03,19,4
Rivas,2020-05-04,19,4
Rivas,2020-05-05,20,4
Rivas,2020-05-06,20,4
Rivas,2020-05-07,21,4
Rivas,2020-05-08,28,8
Rivas,2020-05-09,29,8
Rivas,2020-05-10,29,8
Rivas,2020-05-11,29,8
Rivas,2020-05-12,29,8
Rivas,2020-05-13,29,8
Rivas,2020-05-14,29,8
Rivas,2020-05-15,30,9
Rivas,2020-05-16,31,10
Rivas,2020-05-17,32,11
Rivas,2020-05-18,33,12
Rivas,2020-05-19,34,13
Rivas,2020-05-20,34,13
Rivas,2020-05-21,34,13
Rivas,2020-05-22,34,13
Rivas,2020-05-23,40,13
Rivas,2020-05-24,40,13
Rivas,2020-05-25,41,14
Rivas,2020-05-26,41,14
Rivas,2020-05-27,44,16
Rivas,2020-05-28,47,19
Rivas,2020-05-29,48,19
Rivas,2020-05-30,50,19
Rivas,2020-05-31,51,20
Rivas,2020-06-01,56,23
Rivas,2020-06-02,57,24
Rivas,2020-06-03,59,26
Rivas,2020-06-04,62,29
Rivas,2020-06-05,64,29
Rivas,2020-06-06,65,30
Rivas,2020-06-07,65,30
Rivas,2020-06-08,66,30
Rivas,2020-06-09,71,31
Rivas,2020-06-10,74,33
Rivas,2020-06-11,82,39
Rivas,2020-06-12,89,42
Rivas,2020-06-13,90,42
Rivas,2020-06-14,94,46
Rivas,2020-06-15,94,46
Rivas,2020-06-16,103,55
Rivas,2020-06-17,103,55
Rivas,2020-06-18,104,56
Rivas,2020-06-19,105,57
Rivas,2020-06-20,105,57
Rivas,2020-06-21,105,57
Rivas,2020-06-22,106,58
Rivas,2020-06-23,108,60
Rivas,2020-06-24,110,60
Rivas,2020-06-25,111,60
Rivas,2020-06-26,114,61
Rivas,2020-06-27,115,61
Rivas,2020-06-28,116,61
Rivas,2020-06-29,118,62
Rivas,2020-06-30,118,62
Rivas,2020-07-01,118,62
Rivas,2020-07-02,118,62
Rivas,2020-07-03,120,63
Rivas,2020-07-04,121,63
Rivas,2020-07-05,121,63
Rivas,2020-07-06,122,63
Rivas,2020-07-07,127,64
Rivas,2020-07-08,128,65
Rivas,2020-07-09,128,65
Rivas,2020-07-10,128,65
Rivas,2020-07-11,129,66
Rivas,2020-07-12,130,67
Rivas,2020-07-13,130,67
Rivas,2020-07-14,131,67
Rivas,2020-07-15,131,67
Rivas,2020-07-16,131,67
Rivas,2020-07-17,131,67
Rivas,2020-07-18,131,67
Rivas,2020-07-19,131,67
Rivas,2020-07-20,132,67
Rivas,2020-07-21,132,67
Rivas,2020-07-22,132,67
Rivas,2020-07-23,132,67
Rivas,2020-07-24,144,69
Rivas,2020-07-25,145,69
Rivas,2020-07-26,146,70
Rivas,2020-07-27,146,70
Rivas,2020-07-28,147,71
Rivas,2020-07-29,148,72
Rivas,2020-07-30,161,76
Rivas,2020-07-31,161,76
Rivas,2020-08-01,161,76
Rivas,2020-08-02,161,76
Rivas,2020-08-03,161,76
Rivas,2020-08-04,161,76
Rivas,2020-08-05,161,76
Rivas,2020-08-06,162,77
Rivas,2020-08-07,162,77
Rivas,2020-08-08,162,77
Rivas,2020-08-09,162,77
Rivas,2020-08-10,162,77
Rivas,2020-08-11,162,77
Rivas,2020-08-12,162,77
Rivas,2020-08-13,163,77
Rivas,2020-08-14,163,77
Rivas,2020-08-15,163,77
Rivas,2020-08-16,163,77
Rivas,2020-08-17,163,77
Rivas,2020-08-18,163,77
Rivas,2020-08-19,163,77
Rivas,2020-08-20,163,77
Rivas,2020-08-21,163,77
Rivas,2020-08-22,163,77
Rivas,2020-08-23,163,77
Rivas,2020-08-24,163,77
Rivas,2020-08-25,163,77
Rivas,2020-08-26,174,77
